Workbook
Name ___Div01: #REF!
Name ___Div02: #REF!
Name ___Div03: #REF!
Name ___Div04: #REF!
Name ___Div05: #REF!
Name ___Div06: #REF!
Name ___Div07: #REF!
Name ___Div08: #REF!
Name ___Div09: #REF!
Name ___Div10: #REF!
Name __Div01: #REF!
Name __Div02: #REF!
Name __Div03: #REF!
Name __Div04: #REF!
Name __Div05: #REF!
Name __Div06: #REF!
Name __Div07: #REF!
Name __Div08: #REF!
Name __Div09: #REF!
Name __Div10: #REF!
Name _10Excel_BuiltIn_Print_Area_19_1: "$#REF!.$B$1:$F$239"
Name _11Excel_BuiltIn_Print_Area_19_1_1: "$#REF!.$B$1:$F$239"
Name _12Excel_BuiltIn_Print_Area_20_1: "$#REF!.$B$1:$F$59"
Name _13Excel_BuiltIn_Print_Area_20_1_1: "$#REF!.$B$1:$F$59"
Name _14Excel_BuiltIn_Print_Area_21_1: "$#REF!.$B$1:$F$79"
Name _15Excel_BuiltIn_Print_Area_21_1_1: "$#REF!.$B$1:$F$79"
Name _16Excel_BuiltIn_Print_Area_22_1: "$#REF!.$B$1:$F$21"
Name _17Excel_BuiltIn_Print_Area_22_1_1: "$#REF!.$B$1:$F$21"
Name _18Excel_BuiltIn_Print_Area_24_1: "$#REF!.$B$1:$F$14"
Name _19Excel_BuiltIn_Print_Area_24_1_1: "$#REF!.$B$1:$F$14"
Name _1Excel_BuiltIn_Print_Area_1_1_1_1_1: "$#REF!.$#REF!$#REF!"
Name _20Excel_BuiltIn_Print_Area_25_1: "$#REF!.$B$1:$F$12"
Name _21Excel_BuiltIn_Print_Area_25_1_1: "$#REF!.$B$1:$F$12"
Name _22Excel_BuiltIn_Print_Area_3_1_1_1_1: "$#REF!.$A$1:$AH$218"
Name _23Excel_BuiltIn_Print_Area_3_1_1_1_1_1: "$#REF!.$A$1:$AG$63"
Name _24Excel_BuiltIn_Print_Area_3_1_1_1_1_1_1_1: "$#REF!.$A$1:$AG$52"
Name _25Excel_BuiltIn_Print_Area_3_1_1_1_1_1_1_1_1: "$#REF!.$A$1:$AG$52"
Name _26Excel_BuiltIn_Print_Area_5_1_1_1_1: "$#REF!.$B$1:$F$79"
Name _27Excel_BuiltIn_Print_Area_5_1_1_1_1_1: "$#REF!.$B$1:$F$39"
Name _28Excel_BuiltIn_Print_Area_6_1_1_1_1: "$#REF!.$B$1:$F$48"
Name _29Excel_BuiltIn_Print_Area_6_1_1_1_1_1: "$#REF!.$B$1:$F$48"
Name _2Excel_BuiltIn_Print_Area_1_1_1_1_1_1: "$#REF!.$B$1:$F$62"
Name _30Excel_BuiltIn_Print_Titles_13_1_1_1: "$#REF!.$B$1:$G$65509"
Name _31Excel_BuiltIn_Print_Titles_13_1_1_1_1: "$#REF!.$B$1:$G$65509"
Name _32Excel_BuiltIn_Print_Titles_15_1_1: "$#REF!.$B$1:$G$65509"
Name _33Excel_BuiltIn_Print_Titles_15_1_1_1: "$#REF!.$B$1:$G$65509"
Name _34Excel_BuiltIn_Print_Titles_16_1: #REF!
Name _3Excel_BuiltIn_Print_Area_1_1_1_1_1_1_1: "$#REF!.$B$1:$F$50"
Name _4Excel_BuiltIn_Print_Area_1_1_1_1_1_1_1_1: "$#REF!.$B$1:$F$50"
Name _5Excel_BuiltIn_Print_Area_1_1_1_1_1_1_1_1_1: "$#REF!.$B$1:$F$50"
Name _6Excel_BuiltIn_Print_Area_17_1: "$#REF!.$B$1:$F$51"
Name _7Excel_BuiltIn_Print_Area_17_1_1: "$#REF!.$B$1:$F$51"
Name _8Excel_BuiltIn_Print_Area_18_1: "$#REF!.$B$1:$F$38"
Name _9Excel_BuiltIn_Print_Area_18_1_1: "$#REF!.$B$1:$F$38"
Name _a: NA()
Name _a_1: "$#REF!.$#REF!$#REF!"
Name _a_1_1: "$#REF!.$#REF!$#REF!"
Name _a_14: "$#REF!.$#REF!$#REF!"
Name _b: "$#REF!.$#REF!$#REF!"
Name _b_1: "$#REF!.$#REF!$#REF!"

Sheet LS (Sensus) 
A2: Laporan Blok Yang Sudah Dikerjakan dan Blok InProgress
A3: Kebun | B3: Est | C3: Afd | D3: Blok | E3: Luas (Ha) | F3: Jenis Tanah | G3: Total Pokok Produktif | H3: Tanggal Sensus | I3: Pokok Sensus | J3: Pokok Sensus (%) | K3: Pokok Terserang (Baru) | L3: % | M3: Rekomendasi
A6: LS I | B6: I | C6: I | D6: B05 | E6: 29.32 | F6: GAMBUT | G6: 3615 | H6: {=INDEX([22]Monitoring!$H$6:$H$582,MATCH(1,([22]Monitoring!$D$6:$D$582=$D6)*([22]Monitoring!$D$6:$D$582=$D6),0))} -> 46148 | I6: {=INDEX([22]Monitoring!$I$6:$I$582,MATCH(1,([22]Monitoring!$D$6:$D$582=$D6)*([22]Monitoring!$D$6:$D$582=$D6),0))} -> 312 | J6: {=IFERROR(I6/G6*100,0)} -> 8.6307054 | K6: {=INDEX([22]Monitoring!$J$6:$J$582,MATCH(1,([22]Monitoring!$D$6:$D$582=$D6)*([22]Monitoring!$D$6:$D$582=$D6),0))} -> 22 | L6: =IFERROR(K6/I6*100,0) -> 7.0512821 | M6: {=IF(L6>5,"Perlu Pengendalian",IF(AND(L6>=0,I6>0),"Tidak Perlu Pengendalian","Belum Sensus"))} -> Perlu Pengendalian
A7: LS I | B7: I | C7: I | D7: B06 | E7: 22.39 | F7: GAMBUT | G7: 3145 | H7: {=INDEX([22]Monitoring!$H$6:$H$582,MATCH(1,([22]Monitoring!$D$6:$D$582=$D7)*([22]Monitoring!$D$6:$D$582=$D7),0))} -> 46148 | I7: {=INDEX([22]Monitoring!$I$6:$I$582,MATCH(1,([22]Monitoring!$D$6:$D$582=$D7)*([22]Monitoring!$D$6:$D$582=$D7),0))} -> 321 | J7: {=IFERROR(I7/G7*100,0)} -> 10.206677 | K7: {=INDEX([22]Monitoring!$J$6:$J$582,MATCH(1,([22]Monitoring!$D$6:$D$582=$D7)*([22]Monitoring!$D$6:$D$582=$D7),0))} -> 24 | L7: =IFERROR(K7/I7*100,0) -> 7.4766355 | M7: {=IF(L7>5,"Perlu Pengendalian",IF(AND(L7>=0,I7>0),"Tidak Perlu Pengendalian","Belum Sensus"))} -> Perlu Pengendalian
A8: LS I | B8: I | C8: I | D8: B07 | E8: 25.74 | F8: GAMBUT | G8: 3551 | H8: {=INDEX([22]Monitoring!$H$6:$H$582,MATCH(1,([22]Monitoring!$D$6:$D$582=$D8)*([22]Monitoring!$D$6:$D$582=$D8),0))} -> 46148 | I8: {=INDEX([22]Monitoring!$I$6:$I$582,MATCH(1,([22]Monitoring!$D$6:$D$582=$D8)*([22]Monitoring!$D$6:$D$582=$D8),0))} -> 361 | J8: {=IFERROR(I8/G8*100,0)} -> 10.16615 | K8: {=INDEX([22]Monitoring!$J$6:$J$582,MATCH(1,([22]Monitoring!$D$6:$D$582=$D8)*([22]Monitoring!$D$6:$D$582=$D8),0))} -> 20 | L8: =IFERROR(K8/I8*100,0) -> 5.5401662 | M8: {=IF(L8>5,"Perlu Pengendalian",IF(AND(L8>=0,I8>0),"Tidak Perlu Pengendalian","Belum Sensus"))} -> Perlu Pengendalian
A9: LS I | B9: I | C9: I | D9: B08 | E9: 29.3 | F9: GAMBUT | G9: 4705 | H9: {=INDEX([22]Monitoring!$H$6:$H$582,MATCH(1,([22]Monitoring!$D$6:$D$582=$D9)*([22]Monitoring!$D$6:$D$582=$D9),0))} -> 46148 | I9: {=INDEX([22]Monitoring!$I$6:$I$582,MATCH(1,([22]Monitoring!$D$6:$D$582=$D9)*([22]Monitoring!$D$6:$D$582=$D9),0))} -> 397 | J9: {=IFERROR(I9/G9*100,0)} -> 8.4378321 | K9: {=INDEX([22]Monitoring!$J$6:$J$582,MATCH(1,([22]Monitoring!$D$6:$D$582=$D9)*([22]Monitoring!$D$6:$D$582=$D9),0))} -> 30 | L9: =IFERROR(K9/I9*100,0) -> 7.5566751 | M9: {=IF(L9>5,"Perlu Pengendalian",IF(AND(L9>=0,I9>0),"Tidak Perlu Pengendalian","Belum Sensus"))} -> Perlu Pengendalian
A10: LS I | B10: I | C10: I | D10: B09 | E10: 31.12 | F10: GAMBUT | G10: 4836 | H10: {=INDEX([22]Monitoring!$H$6:$H$582,MATCH(1,([22]Monitoring!$D$6:$D$582=$D10)*([22]Monitoring!$D$6:$D$582=$D10),0))} -> 46148 | I10: {=INDEX([22]Monitoring!$I$6:$I$582,MATCH(1,([22]Monitoring!$D$6:$D$582=$D10)*([22]Monitoring!$D$6:$D$582=$D10),0))} -> 380 | J10: {=IFERROR(I10/G10*100,0)} -> 7.8577337 | K10: {=INDEX([22]Monitoring!$J$6:$J$582,MATCH(1,([22]Monitoring!$D$6:$D$582=$D10)*([22]Monitoring!$D$6:$D$582=$D10),0))} -> 30 | L10: =IFERROR(K10/I10*100,0) -> 7.8947368 | M10: {=IF(L10>5,"Perlu Pengendalian",IF(AND(L10>=0,I10>0),"Tidak Perlu Pengendalian","Belum Sensus"))} -> Perlu Pengendalian
A11: LS I | B11: I | C11: I | D11: B10 | E11: 36.85 | F11: GAMBUT | G11: 5351 | H11: {=INDEX([22]Monitoring!$H$6:$H$582,MATCH(1,([22]Monitoring!$D$6:$D$582=$D11)*([22]Monitoring!$D$6:$D$582=$D11),0))} -> 46149 | I11: {=INDEX([22]Monitoring!$I$6:$I$582,MATCH(1,([22]Monitoring!$D$6:$D$582=$D11)*([22]Monitoring!$D$6:$D$582=$D11),0))} -> 391 | J11: {=IFERROR(I11/G11*100,0)} -> 7.3070454 | K11: {=INDEX([22]Monitoring!$J$6:$J$582,MATCH(1,([22]Monitoring!$D$6:$D$582=$D11)*([22]Monitoring!$D$6:$D$582=$D11),0))} -> 71 | L11: =IFERROR(K11/I11*100,0) -> 18.158568 | M11: {=IF(L11>5,"Perlu Pengendalian",IF(AND(L11>=0,I11>0),"Tidak Perlu Pengendalian","Belum Sensus"))} -> Perlu Pengendalian
A12: LS I | B12: I | C12: I | D12: B11 | E12: 31.93 | F12: GAMBUT | G12: 4122 | H12: {=INDEX([22]Monitoring!$H$6:$H$582,MATCH(1,([22]Monitoring!$D$6:$D$582=$D12)*([22]Monitoring!$D$6:$D$582=$D12),0))} -> 46149 | I12: {=INDEX([22]Monitoring!$I$6:$I$582,MATCH(1,([22]Monitoring!$D$6:$D$582=$D12)*([22]Monitoring!$D$6:$D$582=$D12),0))} -> 324 | J12: {=IFERROR(I12/G12*100,0)} -> 7.860262 | K12: {=INDEX([22]Monitoring!$J$6:$J$582,MATCH(1,([22]Monitoring!$D$6:$D$582=$D12)*([22]Monitoring!$D$6:$D$582=$D12),0))} -> 71 | L12: =IFERROR(K12/I12*100,0) -> 21.91358 | M12: {=IF(L12>5,"Perlu Pengendalian",IF(AND(L12>=0,I12>0),"Tidak Perlu Pengendalian","Belum Sensus"))} -> Perlu Pengendalian
A13: LS I | B13: I | C13: I | D13: B12 | E13: 37.13 | F13: GAMBUT | G13: 4726 | H13: {=INDEX([22]Monitoring!$H$6:$H$582,MATCH(1,([22]Monitoring!$D$6:$D$582=$D13)*([22]Monitoring!$D$6:$D$582=$D13),0))} -> 46149 | I13: {=INDEX([22]Monitoring!$I$6:$I$582,MATCH(1,([22]Monitoring!$D$6:$D$582=$D13)*([22]Monitoring!$D$6:$D$582=$D13),0))} -> 320 | J13: {=IFERROR(I13/G13*100,0)} -> 6.7710537 | K13: {=INDEX([22]Monitoring!$J$6:$J$582,MATCH(1,([22]Monitoring!$D$6:$D$582=$D13)*([22]Monitoring!$D$6:$D$582=$D13),0))} -> 51 | L13: =IFERROR(K13/I13*100,0) -> 15.9375 | M13: {=IF(L13>5,"Perlu Pengendalian",IF(AND(L13>=0,I13>0),"Tidak Perlu Pengendalian","Belum Sensus"))} -> Perlu Pengendalian
A14: LS I | B14: I | C14: I | D14: B13 | E14: 33.49 | F14: GAMBUT | G14: 3913 | H14: {=INDEX([22]Monitoring!$H$6:$H$582,MATCH(1,([22]Monitoring!$D$6:$D$582=$D14)*([22]Monitoring!$D$6:$D$582=$D14),0))} -> 46149 | I14: {=INDEX([22]Monitoring!$I$6:$I$582,MATCH(1,([22]Monitoring!$D$6:$D$582=$D14)*([22]Monitoring!$D$6:$D$582=$D14),0))} -> 388 | J14: {=IFERROR(I14/G14*100,0)} -> 9.9156657 | K14: {=INDEX([22]Monitoring!$J$6:$J$582,MATCH(1,([22]Monitoring!$D$6:$D$582=$D14)*([22]Monitoring!$D$6:$D$582=$D14),0))} -> 44 | L14: =IFERROR(K14/I14*100,0) -> 11.340206 | M14: {=IF(L14>5,"Perlu Pengendalian",IF(AND(L14>=0,I14>0),"Tidak Perlu Pengendalian","Belum Sensus"))} -> Perlu Pengendalian
A15: LS I | B15: I | C15: I | D15: B14 | E15: 29.45 | F15: GAMBUT | G15: 3806 | H15: {=INDEX([22]Monitoring!$H$6:$H$582,MATCH(1,([22]Monitoring!$D$6:$D$582=$D15)*([22]Monitoring!$D$6:$D$582=$D15),0))} -> 46150 | I15: {=INDEX([22]Monitoring!$I$6:$I$582,MATCH(1,([22]Monitoring!$D$6:$D$582=$D15)*([22]Monitoring!$D$6:$D$582=$D15),0))} -> 322 | J15: {=IFERROR(I15/G15*100,0)} -> 8.4603258 | K15: {=INDEX([22]Monitoring!$J$6:$J$582,MATCH(1,([22]Monitoring!$D$6:$D$582=$D15)*([22]Monitoring!$D$6:$D$582=$D15),0))} -> 60 | L15: =IFERROR(K15/I15*100,0) -> 18.63354 | M15: {=IF(L15>5,"Perlu Pengendalian",IF(AND(L15>=0,I15>0),"Tidak Perlu Pengendalian","Belum Sensus"))} -> Perlu Pengendalian
A16: LS I | B16: I | C16: I | D16: B15 | E16: 24.51 | F16: GAMBUT | G16: 3672 | H16: {=INDEX([22]Monitoring!$H$6:$H$582,MATCH(1,([22]Monitoring!$D$6:$D$582=$D16)*([22]Monitoring!$D$6:$D$582=$D16),0))} -> 46150 | I16: {=INDEX([22]Monitoring!$I$6:$I$582,MATCH(1,([22]Monitoring!$D$6:$D$582=$D16)*([22]Monitoring!$D$6:$D$582=$D16),0))} -> 386 | J16: {=IFERROR(I16/G16*100,0)} -> 10.511983 | K16: {=INDEX([22]Monitoring!$J$6:$J$582,MATCH(1,([22]Monitoring!$D$6:$D$582=$D16)*([22]Monitoring!$D$6:$D$582=$D16),0))} -> 37 | L16: =IFERROR(K16/I16*100,0) -> 9.5854922 | M16: {=IF(L16>5,"Perlu Pengendalian",IF(AND(L16>=0,I16>0),"Tidak Perlu Pengendalian","Belum Sensus"))} -> Perlu Pengendalian
A17: LS I | B17: I | C17: I | D17: B16 | E17: 24.21 | F17: GAMBUT | G17: 3591 | H17: {=INDEX([22]Monitoring!$H$6:$H$582,MATCH(1,([22]Monitoring!$D$6:$D$582=$D17)*([22]Monitoring!$D$6:$D$582=$D17),0))} -> 46150 | I17: {=INDEX([22]Monitoring!$I$6:$I$582,MATCH(1,([22]Monitoring!$D$6:$D$582=$D17)*([22]Monitoring!$D$6:$D$582=$D17),0))} -> 345 | J17: {=IFERROR(I17/G17*100,0)} -> 9.6073517 | K17: {=INDEX([22]Monitoring!$J$6:$J$582,MATCH(1,([22]Monitoring!$D$6:$D$582=$D17)*([22]Monitoring!$D$6:$D$582=$D17),0))} -> 59 | L17: =IFERROR(K17/I17*100,0) -> 17.101449 | M17: {=IF(L17>5,"Perlu Pengendalian",IF(AND(L17>=0,I17>0),"Tidak Perlu Pengendalian","Belum Sensus"))} -> Perlu Pengendalian
... A582: LS II | B582: IV | C582: XVIII | D582: S64 | E582: 26.27 | F582: PASIR | G582: 3549 | H582: {=INDEX([22]Monitoring!$H$6:$H$582,MATCH(1,([22]Monitoring!$D$6:$D$582=$D582)*([22]Monitoring!$D$6:$D$582=$D582),0))} -> 46153 | I582: {=INDEX([22]Monitoring!$I$6:$I$582,MATCH(1,([22]Monitoring!$D$6:$D$582=$D582)*([22]Monitoring!$D$6:$D$582=$D582),0))} -> 403 | J582: {=IFERROR(I582/G582*100,0)} -> 11.355311 | K582: {=INDEX([22]Monitoring!$J$6:$J$582,MATCH(1,([22]Monitoring!$D$6:$D$582=$D582)*([22]Monitoring!$D$6:$D$582=$D582),0))} -> 13 | L582: =IFERROR(K582/I582*100,0) -> 3.2258065 | M582: {=IF(L582>5,"Perlu Pengendalian",IF(AND(L582>=0,I582>0),"Tidak Perlu Pengendalian","Belum Sensus"))} -> Tidak Perlu Pengendalian
A583: LS I | B583: I | C583: I | D583: {=COUNTIFS($C$6:$C$582,$C583)} -> 31 | E583: =SUMIFS($E$6:$E$582,$C$6:$C$582,$C583) -> 922.58 | G583: =SUMIFS($G$6:$G$582,$C$6:$C$582,$C583) -> 124833 | I583: =SUMIFS($I$6:$I$582,$C$6:$C$582,$C583) -> 11328 | J583: {=IFERROR(I583/G583*100,0)} -> 9.0745236 | K583: =SUMIFS($K$6:$K$582,$C$6:$C$582,$C583) -> 1780 | L583: =IFERROR(K583/I583*100,0) -> 15.713277 | M583: =IF(L583>2,"Perlu Pengendalian",IF(L583>0,"Tidak Perlu Pengendalian","Belum Sensus")) -> Perlu Pengendalian
A584: LS I | B584: I | C584: II | D584: {=COUNTIFS($C$6:$C$582,$C584)} -> 31 | E584: =SUMIFS($E$6:$E$582,$C$6:$C$582,$C584) -> 1001.28 | G584: =SUMIFS($G$6:$G$582,$C$6:$C$582,$C584) -> 138506 | I584: =SUMIFS($I$6:$I$582,$C$6:$C$582,$C584) -> 14005 | J584: {=IFERROR(I584/G584*100,0)} -> 10.111475 | K584: =SUMIFS($K$6:$K$582,$C$6:$C$582,$C584) -> 1604 | L584: =IFERROR(K584/I584*100,0) -> 11.453052 | M584: =IF(L584>2,"Perlu Pengendalian",IF(L584>0,"Tidak Perlu Pengendalian","Belum Sensus")) -> Perlu Pengendalian
A585: LS I | B585: I | C585: III | D585: {=COUNTIFS($C$6:$C$582,$C585)} -> 27 | E585: =SUMIFS($E$6:$E$582,$C$6:$C$582,$C585) -> 940.47 | G585: =SUMIFS($G$6:$G$582,$C$6:$C$582,$C585) -> 121141 | I585: =SUMIFS($I$6:$I$582,$C$6:$C$582,$C585) -> 12530 | J585: {=IFERROR(I585/G585*100,0)} -> 10.343319 | K585: =SUMIFS($K$6:$K$582,$C$6:$C$582,$C585) -> 1299 | L585: =IFERROR(K585/I585*100,0) -> 10.367119 | M585: =IF(L585>2,"Perlu Pengendalian",IF(L585>0,"Tidak Perlu Pengendalian","Belum Sensus")) -> Perlu Pengendalian
A586: LS I | B586: I | C586: IV | D586: {=COUNTIFS($C$6:$C$582,$C586)} -> 35 | E586: =SUMIFS($E$6:$E$582,$C$6:$C$582,$C586) -> 961 | G586: =SUMIFS($G$6:$G$582,$C$6:$C$582,$C586) -> 134476 | I586: =SUMIFS($I$6:$I$582,$C$6:$C$582,$C586) -> 14200 | J586: {=IFERROR(I586/G586*100,0)} -> 10.559505 | K586: =SUMIFS($K$6:$K$582,$C$6:$C$582,$C586) -> 1629 | L586: =IFERROR(K586/I586*100,0) -> 11.471831 | M586: =IF(L586>2,"Perlu Pengendalian",IF(L586>0,"Tidak Perlu Pengendalian","Belum Sensus")) -> Perlu Pengendalian
A587: LS I | B587: I | C587: V | D587: {=COUNTIFS($C$6:$C$582,$C587)} -> 28 | E587: =SUMIFS($E$6:$E$582,$C$6:$C$582,$C587) -> 898.87 | G587: =SUMIFS($G$6:$G$582,$C$6:$C$582,$C587) -> 131840 | I587: =SUMIFS($I$6:$I$582,$C$6:$C$582,$C587) -> 12892 | J587: {=IFERROR(I587/G587*100,0)} -> 9.7785194 | K587: =SUMIFS($K$6:$K$582,$C$6:$C$582,$C587) -> 1647 | L587: =IFERROR(K587/I587*100,0) -> 12.775365 | M587: =IF(L587>2,"Perlu Pengendalian",IF(L587>0,"Tidak Perlu Pengendalian","Belum Sensus")) -> Perlu Pengendalian
A588: LS I | B588: II | C588: VI | D588: {=COUNTIFS($C$6:$C$582,$C588)} -> 42 | E588: =SUMIFS($E$6:$E$582,$C$6:$C$582,$C588) -> 1117.05 | G588: =SUMIFS($G$6:$G$582,$C$6:$C$582,$C588) -> 156536 | I588: =SUMIFS($I$6:$I$582,$C$6:$C$582,$C588) -> 15000 | J588: {=IFERROR(I588/G588*100,0)} -> 9.5824603 | K588: =SUMIFS($K$6:$K$582,$C$6:$C$582,$C588) -> 988 | L588: =IFERROR(K588/I588*100,0) -> 6.5866667 | M588: =IF(L588>2,"Perlu Pengendalian",IF(L588>0,"Tidak Perlu Pengendalian","Belum Sensus")) -> Perlu Pengendalian
A589: LS I | B589: II | C589: VII | D589: {=COUNTIFS($C$6:$C$582,$C589)} -> 35 | E589: =SUMIFS($E$6:$E$582,$C$6:$C$582,$C589) -> 964.15 | G589: =SUMIFS($G$6:$G$582,$C$6:$C$582,$C589) -> 141905 | I589: =SUMIFS($I$6:$I$582,$C$6:$C$582,$C589) -> 13429 | J589: {=IFERROR(I589/G589*100,0)} -> 9.4633734 | K589: =SUMIFS($K$6:$K$582,$C$6:$C$582,$C589) -> 1107 | L589: =IFERROR(K589/I589*100,0) -> 8.2433539 | M589: =IF(L589>2,"Perlu Pengendalian",IF(L589>0,"Tidak Perlu Pengendalian","Belum Sensus")) -> Perlu Pengendalian
A590: LS I | B590: II | C590: VIII | D590: {=COUNTIFS($C$6:$C$582,$C590)} -> 37 | E590: =SUMIFS($E$6:$E$582,$C$6:$C$582,$C590) -> 967.71 | G590: =SUMIFS($G$6:$G$582,$C$6:$C$582,$C590) -> 141747 | I590: =SUMIFS($I$6:$I$582,$C$6:$C$582,$C590) -> 14919 | J590: {=IFERROR(I590/G590*100,0)} -> 10.52509 | K590: =SUMIFS($K$6:$K$582,$C$6:$C$582,$C590) -> 1142 | L590: =IFERROR(K590/I590*100,0) -> 7.6546685 | M590: =IF(L590>2,"Perlu Pengendalian",IF(L590>0,"Tidak Perlu Pengendalian","Belum Sensus")) -> Perlu Pengendalian
A591: LS I | B591: II | C591: IX | D591: {=COUNTIFS($C$6:$C$582,$C591)} -> 31 | E591: =SUMIFS($E$6:$E$582,$C$6:$C$582,$C591) -> 890.99 | G591: =SUMIFS($G$6:$G$582,$C$6:$C$582,$C591) -> 127593 | I591: =SUMIFS($I$6:$I$582,$C$6:$C$582,$C591) -> 11906 | J591: {=IFERROR(I591/G591*100,0)} -> 9.3312329 | K591: =SUMIFS($K$6:$K$582,$C$6:$C$582,$C591) -> 1633 | L591: =IFERROR(K591/I591*100,0) -> 13.715774 | M591: =IF(L591>2,"Perlu Pengendalian",IF(L591>0,"Tidak Perlu Pengendalian","Belum Sensus")) -> Perlu Pengendalian
A592: LS II | B592: III | C592: X | D592: {=COUNTIFS($C$6:$C$582,$C592)} -> 20 | E592: =SUMIFS($E$6:$E$582,$C$6:$C$582,$C592) -> 592.25 | G592: =SUMIFS($G$6:$G$582,$C$6:$C$582,$C592) -> 82098 | I592: =SUMIFS($I$6:$I$582,$C$6:$C$582,$C592) -> 8146 | J592: {=IFERROR(I592/G592*100,0)} -> 9.922288 | K592: =SUMIFS($K$6:$K$582,$C$6:$C$582,$C592) -> 1283 | L592: =IFERROR(K592/I592*100,0) -> 15.750061 | M592: =IF(L592>2,"Perlu Pengendalian",IF(L592>0,"Tidak Perlu Pengendalian","Belum Sensus")) -> Perlu Pengendalian
A593: LS II | B593: III | C593: XI | D593: {=COUNTIFS($C$6:$C$582,$C593)} -> 34 | E593: =SUMIFS($E$6:$E$582,$C$6:$C$582,$C593) -> 969.04 | G593: =SUMIFS($G$6:$G$582,$C$6:$C$582,$C593) -> 134915 | I593: =SUMIFS($I$6:$I$582,$C$6:$C$582,$C593) -> 12816 | J593: {=IFERROR(I593/G593*100,0)} -> 9.4993144 | K593: =SUMIFS($K$6:$K$582,$C$6:$C$582,$C593) -> 1886 | L593: =IFERROR(K593/I593*100,0) -> 14.71598 | M593: =IF(L593>2,"Perlu Pengendalian",IF(L593>0,"Tidak Perlu Pengendalian","Belum Sensus")) -> Perlu Pengendalian
A594: LS II | B594: III | C594: XII | D594: {=COUNTIFS($C$6:$C$582,$C594)} -> 35 | E594: =SUMIFS($E$6:$E$582,$C$6:$C$582,$C594) -> 955.74 | G594: =SUMIFS($G$6:$G$582,$C$6:$C$582,$C594) -> 135415 | I594: =SUMIFS($I$6:$I$582,$C$6:$C$582,$C594) -> 12529 | J594: {=IFERROR(I594/G594*100,0)} -> 9.2522985 | K594: =SUMIFS($K$6:$K$582,$C$6:$C$582,$C594) -> 937 | L594: =IFERROR(K594/I594*100,0) -> 7.4786495 | M594: =IF(L594>2,"Perlu Pengendalian",IF(L594>0,"Tidak Perlu Pengendalian","Belum Sensus")) -> Perlu Pengendalian
... A600: LS II | B600: IV | C600: XVIII | D600: {=COUNTIFS($C$6:$C$582,$C600)} -> 27 | E600: =SUMIFS($E$6:$E$582,$C$6:$C$582,$C600) -> 857.16 | G600: =SUMIFS($G$6:$G$582,$C$6:$C$582,$C600) -> 114956 | I600: =SUMIFS($I$6:$I$582,$C$6:$C$582,$C600) -> 10647 | J600: {=IFERROR(I600/G600*100,0)} -> 9.2618045 | K600: =SUMIFS($K$6:$K$582,$C$6:$C$582,$C600) -> 956 | L600: =IFERROR(K600/I600*100,0) -> 8.9790551 | M600: =IF(L600>2,"Perlu Pengendalian",IF(L600>0,"Tidak Perlu Pengendalian","Belum Sensus")) -> Perlu Pengendalian
A601: LS I | B601: RAYON A | C601: RAYON A | D601: =SUM(D583:D585) -> 89 | E601: =SUM(E583:E585) -> 2864.33 | G601: =SUM(G583:G585) -> 384480 | I601: =SUM(I583:I585) -> 37863 | J601: {=IFERROR(I601/G601*100,0)} -> 9.8478464 | K601: =SUM(K583:K585) -> 4683 | L601: =IFERROR(K601/I601*100,0) -> 12.368275 | M601: =IF(L601>2,"Perlu Pengendalian",IF(L601>0,"Tidak Perlu Pengendalian","Belum Sensus")) -> Perlu Pengendalian
A602: LS I | B602: RAYON B | C602: RAYON B | D602: =SUM(D586:D587) -> 63 | E602: =SUM(E586:E587) -> 1859.87 | G602: =SUM(G586:G587) -> 266316 | I602: =SUM(I586:I587) -> 27092 | J602: {=IFERROR(I602/G602*100,0)} -> 10.172877 | K602: =SUM(K586:K587) -> 3276 | L602: =IFERROR(K602/I602*100,0) -> 12.092131 | M602: =IF(L602>2,"Perlu Pengendalian",IF(L602>0,"Tidak Perlu Pengendalian","Belum Sensus")) -> Perlu Pengendalian
A603: LS I | B603: RAYON C | C603: RAYON C | D603: =SUM(D588:D589) -> 77 | E603: =SUM(E588:E589) -> 2081.2 | G603: =SUM(G588:G589) -> 298441 | I603: =SUM(I588:I589) -> 28429 | J603: {=IFERROR(I603/G603*100,0)} -> 9.5258359 | K603: =SUM(K588:K589) -> 2095 | L603: =IFERROR(K603/I603*100,0) -> 7.3692356 | M603: =IF(L603>2,"Perlu Pengendalian",IF(L603>0,"Tidak Perlu Pengendalian","Belum Sensus")) -> Perlu Pengendalian
A604: LS I | B604: RAYON D | C604: RAYON D | D604: =SUM(D590:D591) -> 68 | E604: =SUM(E590:E591) -> 1858.7 | G604: =SUM(G590:G591) -> 269340 | I604: =SUM(I590:I591) -> 26825 | J604: {=IFERROR(I604/G604*100,0)} -> 9.9595307 | K604: =SUM(K590:K591) -> 2775 | L604: =IFERROR(K604/I604*100,0) -> 10.344828 | M604: =IF(L604>2,"Perlu Pengendalian",IF(L604>0,"Tidak Perlu Pengendalian","Belum Sensus")) -> Perlu Pengendalian
A605: LS II | B605: RAYON E | C605: RAYON E | D605: =SUM(D592:D594) -> 89 | E605: =SUM(E592:E594) -> 2517.03 | G605: =SUM(G592:G594) -> 352428 | I605: =SUM(I592:I594) -> 33491 | J605: {=IFERROR(I605/G605*100,0)} -> 9.5029339 | K605: =SUM(K592:K594) -> 4106 | L605: =IFERROR(K605/I605*100,0) -> 12.26001 | M605: =IF(L605>2,"Perlu Pengendalian",IF(L605>0,"Tidak Perlu Pengendalian","Belum Sensus")) -> Perlu Pengendalian
A606: LS II | B606: RAYON F | C606: RAYON F | D606: =SUM(D595:D596) -> 68 | E606: =SUM(E595:E596) -> 1924.9 | G606: =SUM(G594:G595) -> 277145 | I606: =SUM(I595:I596) -> 29301 | J606: {=IFERROR(I606/G606*100,0)} -> 10.572444 | K606: =SUM(K595:K596) -> 3471 | L606: =IFERROR(K606/I606*100,0) -> 11.846012 | M606: =IF(L606>2,"Perlu Pengendalian",IF(L606>0,"Tidak Perlu Pengendalian","Belum Sensus")) -> Perlu Pengendalian
A607: LS II | B607: RAYON G | C607: RAYON G | D607: =SUM(D597:D598) -> 63 | E607: =SUM(E597:E598) -> 1844.89 | G607: =SUM(G597:G598) -> 264202 | I607: =SUM(I597:I598) -> 24574 | J607: {=IFERROR(I607/G607*100,0)} -> 9.3012165 | K607: =SUM(K597:K598) -> 4705 | L607: =IFERROR(K607/I607*100,0) -> 19.146252 | M607: =IF(L607>2,"Perlu Pengendalian",IF(L607>0,"Tidak Perlu Pengendalian","Belum Sensus")) -> Perlu Pengendalian
A608: LS II | B608: RAYON H | C608: RAYON H | D608: =SUM(D599:D600) -> 60 | E608: =SUM(E599:E600) -> 1791.01 | G608: =SUM(G599:G600) -> 245050 | I608: =SUM(I599:I600) -> 23026 | J608: {=IFERROR(I608/G608*100,0)} -> 9.3964497 | K608: =SUM(K599:K600) -> 2599 | L608: =IFERROR(K608/I608*100,0) -> 11.287241 | M608: =IF(L608>2,"Perlu Pengendalian",IF(L608>0,"Tidak Perlu Pengendalian","Belum Sensus")) -> Perlu Pengendalian
A609: LS I | B609: I | C609: I | D609: {=SUMIFS($E$583:$E$600,$C$583:$C$600,$C609)} -> 922.58 | E609: =SUM(E601:F602) -> 4724.2 | G609: =SUM(G601:G602) -> 650796 | I609: =SUM(I601:I602) -> 64955 | J609: {=IFERROR(I609/G609*100,0)} -> 9.9808542 | K609: =SUM(K601:K602) -> 7959 | L609: =IFERROR(K609/I609*100,0) -> 12.253098 | M609: =IF(L609>2,"Perlu Pengendalian",IF(L609>0,"Tidak Perlu Pengendalian","Belum Sensus")) -> Perlu Pengendalian
A610: LS I | B610: II | C610: II | D610: {=SUMIFS($E$583:$E$600,$C$583:$C$600,$C610)} -> 1001.28 | E610: =SUM(E603:F604) -> 3939.9 | G610: =SUM(G603:G604) -> 567781 | I610: =SUM(I603:I604) -> 55254 | J610: {=IFERROR(I610/G610*100,0)} -> 9.731569 | K610: =SUM(K603:K604) -> 4870 | L610: =IFERROR(K610/I610*100,0) -> 8.8138415 | M610: =IF(L610>2,"Perlu Pengendalian",IF(L610>0,"Tidak Perlu Pengendalian","Belum Sensus")) -> Perlu Pengendalian
A611: LS II | B611: III | C611: III | D611: {=SUMIFS($E$583:$E$600,$C$583:$C$600,$C611)} -> 940.47 | E611: =SUM(E605:F606) -> 4441.93 | G611: =SUM(G605:G606) -> 629573 | I611: =SUM(I605:I606) -> 62792 | J611: {=IFERROR(I611/G611*100,0)} -> 9.9737441 | K611: =SUM(K605:K606) -> 7577 | L611: =IFERROR(K611/I611*100,0) -> 12.066824 | M611: =IF(L611>2,"Perlu Pengendalian",IF(L611>0,"Tidak Perlu Pengendalian","Belum Sensus")) -> Perlu Pengendalian
A612: LS II | B612: IV | C612: IV | D612: {=SUMIFS($E$583:$E$600,$C$583:$C$600,$C612)} -> 961 | E612: =SUM(E607:F608) -> 3635.9 | G612: =SUM(G607:G608) -> 509252 | I612: =SUM(I607:I608) -> 47600 | J612: {=IFERROR(I612/G612*100,0)} -> 9.3470423 | K612: =SUM(K607:K608) -> 7304 | L612: =IFERROR(K612/I612*100,0) -> 15.344538 | M612: =IF(L612>2,"Perlu Pengendalian",IF(L612>0,"Tidak Perlu Pengendalian","Belum Sensus")) -> Perlu Pengendalian
A613: LS | D613: =SUM(D609:D612) -> 3825.33 | E613: =SUM(E609:F612) -> 16741.93 | G613: =SUM(G609:G612) -> 2357402 | I613: =SUM(I609:I612) -> 230601 | J613: {=IFERROR(I613/G613*100,0)} -> 9.7819973 | K613: =SUM(K609:K612) -> 27710 | L613: =IFERROR(K613/I613*100,0) -> 12.016427 | M613: =IF(L613>2,"Perlu Pengendalian",IF(L613>0,"Tidak Perlu Pengendalian","Belum Sensus")) -> Perlu Pengendalian
G615: =G613/E613 -> 140.80826

Sheet LS (Deteksi)
H1: 1 - 15 Agustus 2026
A2: Laporan Blok Yang Sudah Dikerjakan dan Blok InProgress Deteksi Tikus | H2: AKP + Grading | N2: AKP | V2: Grading TPH
A3: Kebun | B3: Est | C3: Afd | D3: Blok | E3: Luas (Ha) | F3: Jenis Tanah | G3: Total Pokok Produktif | H3: Tanggal Sensus | I3: Pokok Sensus/TBS Sensus | J3: Pokok Sensus (%) | K3: Pokok Terserang (Baru) | L3: % | M3: Rekomendasi | N3: Tanggal Sensus | O3: Pokok Sensus | P3: Pokok Sensus (%) | Q3: Pokok Terserang (Baru) | R3: % | S3: Rekomendasi | T3: Pokok Terserang (Lama) | U3: % | V3: Tanggal Sensus | W3: Jumlah TBS | X3: TBS Terserang (Baru) | Y3: % | Z3: Rekomendasi | AA3: Pokok Terserang (Lama) | AB3: %
A6: LS I | B6: I | C6: I | D6: B05 | E6: 29.32 | F6: GAMBUT | G6: 3615 | H6: =IF(N6>0,N6,V6) -> 0 | I6: =IF(O6>0,O6,W6) -> 0 | J6: =IF(P6>0,P6," ") | K6: =IF(Q6>0,Q6,X6) -> 0 | L6: =IFERROR(K6/I6*100,0) -> 0 | M6: {=IF(L6>5,"Perlu Sensus",IF(AND(L6>=0,I6>0),"Tetap Deteksi","Belum Deteksi"))} -> Belum Deteksi | N6: {=INDEX('[20]LS (Deteksi) Agustus'!N$7:N$303,MATCH(1,('[20]LS (Deteksi) Agustus'!$D$7:$D$303=$D6)*('[20]LS (Deteksi) Agustus'!$D$7:$D$303=$D6),0))} -> 0 | O6: {=INDEX('[20]LS (Deteksi) Agustus'!O$7:O$303,MATCH(1,('[20]LS (Deteksi) Agustus'!$D$7:$D$303=$D6)*('[20]LS (Deteksi) Agustus'!$D$7:$D$303=$D6),0))} -> 0 | P6: {=IFERROR(O6/G6*100,0)} -> 0 | Q6: {=INDEX('[20]LS (Deteksi) Agustus'!Q$7:Q$303,MATCH(1,('[20]LS (Deteksi) Agustus'!$D$7:$D$303=$D6)*('[20]LS (Deteksi) Agustus'!$D$7:$D$303=$D6),0))} -> 0 | R6: =IFERROR(Q6/O6*100,0) -> 0 | S6: {=IF(R6>5,"Perlu Sensus",IF(AND(R6>=0,O6>0),"Tetap Deteksi","Belum Deteksi"))} -> Belum Deteksi | T6: {=INDEX('[20]LS (Deteksi) Agustus'!T$7:T$303,MATCH(1,('[20]LS (Deteksi) Agustus'!$D$7:$D$303=$D6)*('[20]LS (Deteksi) Agustus'!$D$7:$D$303=$D6),0))} -> 0 | U6: =IFERROR(T6/O6*100,0) -> 0 | V6: {=INDEX('[20]LS (Deteksi) Agustus'!V$7:V$303,MATCH(1,('[20]LS (Deteksi) Agustus'!$D$7:$D$303=$D6)*('[20]LS (Deteksi) Agustus'!$D$7:$D$303=$D6),0))} -> 0 | W6: {=INDEX('[20]LS (Deteksi) Agustus'!W$7:W$303,MATCH(1,('[20]LS (Deteksi) Agustus'!$D$7:$D$303=$D6)*('[20]LS (Deteksi) Agustus'!$D$7:$D$303=$D6),0))} -> 0 | X6: {=INDEX('[20]LS (Deteksi) Agustus'!X$7:X$303,MATCH(1,('[20]LS (Deteksi) Agustus'!$D$7:$D$303=$D6)*('[20]LS (Deteksi) Agustus'!$D$7:$D$303=$D6),0))} -> 0 | Y6: =IFERROR(X6/W6*100,0) -> 0 | Z6: {=IF(Y6>5,"Perlu Sensus",IF(AND(Y6>0,,O6>0),"Tetap Deteksi","Belum Deteksi"))} -> Belum Deteksi | AA6: {=INDEX('[20]LS (Deteksi) Agustus'!AA$7:AA$303,MATCH(1,('[20]LS (Deteksi) Agustus'!$D$7:$D$303=$D6)*('[20]LS (Deteksi) Agustus'!$D$7:$D$303=$D6),0))} -> 0 | AB6: =IFERROR(AA6/W6*100,0) -> 0
A7: LS I | B7: I | C7: I | D7: B06 | E7: 22.39 | F7: GAMBUT | G7: 3145 | H7: =IF(N7>0,N7,V7) -> 0 | I7: =IF(O7>0,O7,W7) -> 0 | J7: =IF(P7>0,P7," ") | K7: =IF(Q7>0,Q7,X7) -> 0 | L7: =IFERROR(K7/I7*100,0) -> 0 | M7: {=IF(L7>5,"Perlu Sensus",IF(AND(L7>=0,I7>0),"Tetap Deteksi","Belum Deteksi"))} -> Belum Deteksi | N7: {=INDEX('[20]LS (Deteksi) Agustus'!N$7:N$303,MATCH(1,('[20]LS (Deteksi) Agustus'!$D$7:$D$303=$D7)*('[20]LS (Deteksi) Agustus'!$D$7:$D$303=$D7),0))} -> 0 | O7: {=INDEX('[20]LS (Deteksi) Agustus'!O$7:O$303,MATCH(1,('[20]LS (Deteksi) Agustus'!$D$7:$D$303=$D7)*('[20]LS (Deteksi) Agustus'!$D$7:$D$303=$D7),0))} -> 0 | P7: {=IFERROR(O7/G7*100,0)} -> 0 | Q7: {=INDEX('[20]LS (Deteksi) Agustus'!Q$7:Q$303,MATCH(1,('[20]LS (Deteksi) Agustus'!$D$7:$D$303=$D7)*('[20]LS (Deteksi) Agustus'!$D$7:$D$303=$D7),0))} -> 0 | R7: =IFERROR(Q7/O7*100,0) -> 0 | S7: {=IF(R7>5,"Perlu Sensus",IF(AND(R7>=0,O7>0),"Tetap Deteksi","Belum Deteksi"))} -> Belum Deteksi | T7: {=INDEX('[20]LS (Deteksi) Agustus'!T$7:T$303,MATCH(1,('[20]LS (Deteksi) Agustus'!$D$7:$D$303=$D7)*('[20]LS (Deteksi) Agustus'!$D$7:$D$303=$D7),0))} -> 0 | U7: =IFERROR(T7/O7*100,0) -> 0 | V7: {=INDEX('[20]LS (Deteksi) Agustus'!V$7:V$303,MATCH(1,('[20]LS (Deteksi) Agustus'!$D$7:$D$303=$D7)*('[20]LS (Deteksi) Agustus'!$D$7:$D$303=$D7),0))} -> 0 | W7: {=INDEX('[20]LS (Deteksi) Agustus'!W$7:W$303,MATCH(1,('[20]LS (Deteksi) Agustus'!$D$7:$D$303=$D7)*('[20]LS (Deteksi) Agustus'!$D$7:$D$303=$D7),0))} -> 0 | X7: {=INDEX('[20]LS (Deteksi) Agustus'!X$7:X$303,MATCH(1,('[20]LS (Deteksi) Agustus'!$D$7:$D$303=$D7)*('[20]LS (Deteksi) Agustus'!$D$7:$D$303=$D7),0))} -> 0 | Y7: =IFERROR(X7/W7*100,0) -> 0 | Z7: {=IF(Y7>5,"Perlu Sensus",IF(AND(Y7>0,,O7>0),"Tetap Deteksi","Belum Deteksi"))} -> Belum Deteksi | AA7: {=INDEX('[20]LS (Deteksi) Agustus'!AA$7:AA$303,MATCH(1,('[20]LS (Deteksi) Agustus'!$D$7:$D$303=$D7)*('[20]LS (Deteksi) Agustus'!$D$7:$D$303=$D7),0))} -> 0 | AB7: =IFERROR(AA7/W7*100,0) -> 0
A8: LS I | B8: I | C8: I | D8: B07 | E8: 25.74 | F8: GAMBUT | G8: 3551 | H8: =IF(N8>0,N8,V8) -> 46244 | I8: =IF(O8>0,O8,W8) -> 78 | J8: =IF(P8>0,P8," ") -> 2.1965643 | K8: =IF(Q8>0,Q8,X8) -> 3 | L8: =IFERROR(K8/I8*100,0) -> 3.8461538 | M8: {=IF(L8>5,"Perlu Sensus",IF(AND(L8>=0,I8>0),"Tetap Deteksi","Belum Deteksi"))} -> Tetap Deteksi | N8: {=INDEX('[20]LS (Deteksi) Agustus'!N$7:N$303,MATCH(1,('[20]LS (Deteksi) Agustus'!$D$7:$D$303=$D8)*('[20]LS (Deteksi) Agustus'!$D$7:$D$303=$D8),0))} -> 46244 | O8: {=INDEX('[20]LS (Deteksi) Agustus'!O$7:O$303,MATCH(1,('[20]LS (Deteksi) Agustus'!$D$7:$D$303=$D8)*('[20]LS (Deteksi) Agustus'!$D$7:$D$303=$D8),0))} -> 78 | P8: {=IFERROR(O8/G8*100,0)} -> 2.1965643 | Q8: {=INDEX('[20]LS (Deteksi) Agustus'!Q$7:Q$303,MATCH(1,('[20]LS (Deteksi) Agustus'!$D$7:$D$303=$D8)*('[20]LS (Deteksi) Agustus'!$D$7:$D$303=$D8),0))} -> 3 | R8: =IFERROR(Q8/O8*100,0) -> 3.8461538 | S8: {=IF(R8>5,"Perlu Sensus",IF(AND(R8>=0,O8>0),"Tetap Deteksi","Belum Deteksi"))} -> Tetap Deteksi | T8: {=INDEX('[20]LS (Deteksi) Agustus'!T$7:T$303,MATCH(1,('[20]LS (Deteksi) Agustus'!$D$7:$D$303=$D8)*('[20]LS (Deteksi) Agustus'!$D$7:$D$303=$D8),0))} -> 5 | U8: =IFERROR(T8/O8*100,0) -> 6.4102564 | V8: {=INDEX('[20]LS (Deteksi) Agustus'!V$7:V$303,MATCH(1,('[20]LS (Deteksi) Agustus'!$D$7:$D$303=$D8)*('[20]LS (Deteksi) Agustus'!$D$7:$D$303=$D8),0))} -> 46245 | W8: {=INDEX('[20]LS (Deteksi) Agustus'!W$7:W$303,MATCH(1,('[20]LS (Deteksi) Agustus'!$D$7:$D$303=$D8)*('[20]LS (Deteksi) Agustus'!$D$7:$D$303=$D8),0))} -> 189 | X8: {=INDEX('[20]LS (Deteksi) Agustus'!X$7:X$303,MATCH(1,('[20]LS (Deteksi) Agustus'!$D$7:$D$303=$D8)*('[20]LS (Deteksi) Agustus'!$D$7:$D$303=$D8),0))} -> 4 | Y8: =IFERROR(X8/W8*100,0) -> 2.1164021 | Z8: {=IF(Y8>5,"Perlu Sensus",IF(AND(Y8>0,,O8>0),"Tetap Deteksi","Belum Deteksi"))} -> Belum Deteksi | AA8: {=INDEX('[20]LS (Deteksi) Agustus'!AA$7:AA$303,MATCH(1,('[20]LS (Deteksi) Agustus'!$D$7:$D$303=$D8)*('[20]LS (Deteksi) Agustus'!$D$7:$D$303=$D8),0))} -> 13 | AB8: =IFERROR(AA8/W8*100,0) -> 6.8783069
A9: LS I | B9: I | C9: I | D9: B08 | E9: 29.3 | F9: GAMBUT | G9: 4705 | H9: =IF(N9>0,N9,V9) -> 46244 | I9: =IF(O9>0,O9,W9) -> 54 | J9: =IF(P9>0,P9," ") -> 1.1477152 | K9: =IF(Q9>0,Q9,X9) -> 3 | L9: =IFERROR(K9/I9*100,0) -> 5.5555556 | M9: {=IF(L9>5,"Perlu Sensus",IF(AND(L9>=0,I9>0),"Tetap Deteksi","Belum Deteksi"))} -> Perlu Sensus | N9: {=INDEX('[20]LS (Deteksi) Agustus'!N$7:N$303,MATCH(1,('[20]LS (Deteksi) Agustus'!$D$7:$D$303=$D9)*('[20]LS (Deteksi) Agustus'!$D$7:$D$303=$D9),0))} -> 46244 | O9: {=INDEX('[20]LS (Deteksi) Agustus'!O$7:O$303,MATCH(1,('[20]LS (Deteksi) Agustus'!$D$7:$D$303=$D9)*('[20]LS (Deteksi) Agustus'!$D$7:$D$303=$D9),0))} -> 54 | P9: {=IFERROR(O9/G9*100,0)} -> 1.1477152 | Q9: {=INDEX('[20]LS (Deteksi) Agustus'!Q$7:Q$303,MATCH(1,('[20]LS (Deteksi) Agustus'!$D$7:$D$303=$D9)*('[20]LS (Deteksi) Agustus'!$D$7:$D$303=$D9),0))} -> 3 | R9: =IFERROR(Q9/O9*100,0) -> 5.5555556 | S9: {=IF(R9>5,"Perlu Sensus",IF(AND(R9>=0,O9>0),"Tetap Deteksi","Belum Deteksi"))} -> Perlu Sensus | T9: {=INDEX('[20]LS (Deteksi) Agustus'!T$7:T$303,MATCH(1,('[20]LS (Deteksi) Agustus'!$D$7:$D$303=$D9)*('[20]LS (Deteksi) Agustus'!$D$7:$D$303=$D9),0))} -> 18 | U9: =IFERROR(T9/O9*100,0) -> 33.333333 | V9: {=INDEX('[20]LS (Deteksi) Agustus'!V$7:V$303,MATCH(1,('[20]LS (Deteksi) Agustus'!$D$7:$D$303=$D9)*('[20]LS (Deteksi) Agustus'!$D$7:$D$303=$D9),0))} -> 46245 | W9: {=INDEX('[20]LS (Deteksi) Agustus'!W$7:W$303,MATCH(1,('[20]LS (Deteksi) Agustus'!$D$7:$D$303=$D9)*('[20]LS (Deteksi) Agustus'!$D$7:$D$303=$D9),0))} -> 210 | X9: {=INDEX('[20]LS (Deteksi) Agustus'!X$7:X$303,MATCH(1,('[20]LS (Deteksi) Agustus'!$D$7:$D$303=$D9)*('[20]LS (Deteksi) Agustus'!$D$7:$D$303=$D9),0))} -> 6 | Y9: =IFERROR(X9/W9*100,0) -> 2.8571429 | Z9: {=IF(Y9>5,"Perlu Sensus",IF(AND(Y9>0,,O9>0),"Tetap Deteksi","Belum Deteksi"))} -> Belum Deteksi | AA9: {=INDEX('[20]LS (Deteksi) Agustus'!AA$7:AA$303,MATCH(1,('[20]LS (Deteksi) Agustus'!$D$7:$D$303=$D9)*('[20]LS (Deteksi) Agustus'!$D$7:$D$303=$D9),0))} -> 16 | AB9: =IFERROR(AA9/W9*100,0) -> 7.6190476
A10: LS I | B10: I | C10: I | D10: B09 | E10: 31.12 | F10: GAMBUT | G10: 4836 | H10: =IF(N10>0,N10,V10) -> 46247 | I10: =IF(O10>0,O10,W10) -> 176 | J10: =IF(P10>0,P10," ") | K10: =IF(Q10>0,Q10,X10) -> 9 | L10: =IFERROR(K10/I10*100,0) -> 5.1136364 | M10: {=IF(L10>5,"Perlu Sensus",IF(AND(L10>=0,I10>0),"Tetap Deteksi","Belum Deteksi"))} -> Perlu Sensus | N10: {=INDEX('[20]LS (Deteksi) Agustus'!N$7:N$303,MATCH(1,('[20]LS (Deteksi) Agustus'!$D$7:$D$303=$D10)*('[20]LS (Deteksi) Agustus'!$D$7:$D$303=$D10),0))} -> 0 | O10: {=INDEX('[20]LS (Deteksi) Agustus'!O$7:O$303,MATCH(1,('[20]LS (Deteksi) Agustus'!$D$7:$D$303=$D10)*('[20]LS (Deteksi) Agustus'!$D$7:$D$303=$D10),0))} -> 0 | P10: {=IFERROR(O10/G10*100,0)} -> 0 | Q10: {=INDEX('[20]LS (Deteksi) Agustus'!Q$7:Q$303,MATCH(1,('[20]LS (Deteksi) Agustus'!$D$7:$D$303=$D10)*('[20]LS (Deteksi) Agustus'!$D$7:$D$303=$D10),0))} -> 0 | R10: =IFERROR(Q10/O10*100,0) -> 0 | S10: {=IF(R10>5,"Perlu Sensus",IF(AND(R10>=0,O10>0),"Tetap Deteksi","Belum Deteksi"))} -> Belum Deteksi | T10: {=INDEX('[20]LS (Deteksi) Agustus'!T$7:T$303,MATCH(1,('[20]LS (Deteksi) Agustus'!$D$7:$D$303=$D10)*('[20]LS (Deteksi) Agustus'!$D$7:$D$303=$D10),0))} -> 0 | U10: =IFERROR(T10/O10*100,0) -> 0 | V10: {=INDEX('[20]LS (Deteksi) Agustus'!V$7:V$303,MATCH(1,('[20]LS (Deteksi) Agustus'!$D$7:$D$303=$D10)*('[20]LS (Deteksi) Agustus'!$D$7:$D$303=$D10),0))} -> 46247 | W10: {=INDEX('[20]LS (Deteksi) Agustus'!W$7:W$303,MATCH(1,('[20]LS (Deteksi) Agustus'!$D$7:$D$303=$D10)*('[20]LS (Deteksi) Agustus'!$D$7:$D$303=$D10),0))} -> 176 | X10: {=INDEX('[20]LS (Deteksi) Agustus'!X$7:X$303,MATCH(1,('[20]LS (Deteksi) Agustus'!$D$7:$D$303=$D10)*('[20]LS (Deteksi) Agustus'!$D$7:$D$303=$D10),0))} -> 9 | Y10: =IFERROR(X10/W10*100,0) -> 5.1136364 | Z10: {=IF(Y10>5,"Perlu Sensus",IF(AND(Y10>0,,O10>0),"Tetap Deteksi","Belum Deteksi"))} -> Perlu Sensus | AA10: {=INDEX('[20]LS (Deteksi) Agustus'!AA$7:AA$303,MATCH(1,('[20]LS (Deteksi) Agustus'!$D$7:$D$303=$D10)*('[20]LS (Deteksi) Agustus'!$D$7:$D$303=$D10),0))} -> 17 | AB10: =IFERROR(AA10/W10*100,0) -> 9.6590909
A11: LS I | B11: I | C11: I | D11: B10 | E11: 36.85 | F11: GAMBUT | G11: 5351 | H11: =IF(N11>0,N11,V11) -> 46247 | I11: =IF(O11>0,O11,W11) -> 219 | J11: =IF(P11>0,P11," ") | K11: =IF(Q11>0,Q11,X11) -> 12 | L11: =IFERROR(K11/I11*100,0) -> 5.4794521 | M11: {=IF(L11>5,"Perlu Sensus",IF(AND(L11>=0,I11>0),"Tetap Deteksi","Belum Deteksi"))} -> Perlu Sensus | N11: {=INDEX('[20]LS (Deteksi) Agustus'!N$7:N$303,MATCH(1,('[20]LS (Deteksi) Agustus'!$D$7:$D$303=$D11)*('[20]LS (Deteksi) Agustus'!$D$7:$D$303=$D11),0))} -> 0 | O11: {=INDEX('[20]LS (Deteksi) Agustus'!O$7:O$303,MATCH(1,('[20]LS (Deteksi) Agustus'!$D$7:$D$303=$D11)*('[20]LS (Deteksi) Agustus'!$D$7:$D$303=$D11),0))} -> 0 | P11: {=IFERROR(O11/G11*100,0)} -> 0 | Q11: {=INDEX('[20]LS (Deteksi) Agustus'!Q$7:Q$303,MATCH(1,('[20]LS (Deteksi) Agustus'!$D$7:$D$303=$D11)*('[20]LS (Deteksi) Agustus'!$D$7:$D$303=$D11),0))} -> 0 | R11: =IFERROR(Q11/O11*100,0) -> 0 | S11: {=IF(R11>5,"Perlu Sensus",IF(AND(R11>=0,O11>0),"Tetap Deteksi","Belum Deteksi"))} -> Belum Deteksi | T11: {=INDEX('[20]LS (Deteksi) Agustus'!T$7:T$303,MATCH(1,('[20]LS (Deteksi) Agustus'!$D$7:$D$303=$D11)*('[20]LS (Deteksi) Agustus'!$D$7:$D$303=$D11),0))} -> 0 | U11: =IFERROR(T11/O11*100,0) -> 0 | V11: {=INDEX('[20]LS (Deteksi) Agustus'!V$7:V$303,MATCH(1,('[20]LS (Deteksi) Agustus'!$D$7:$D$303=$D11)*('[20]LS (Deteksi) Agustus'!$D$7:$D$303=$D11),0))} -> 46247 | W11: {=INDEX('[20]LS (Deteksi) Agustus'!W$7:W$303,MATCH(1,('[20]LS (Deteksi) Agustus'!$D$7:$D$303=$D11)*('[20]LS (Deteksi) Agustus'!$D$7:$D$303=$D11),0))} -> 219 | X11: {=INDEX('[20]LS (Deteksi) Agustus'!X$7:X$303,MATCH(1,('[20]LS (Deteksi) Agustus'!$D$7:$D$303=$D11)*('[20]LS (Deteksi) Agustus'!$D$7:$D$303=$D11),0))} -> 12 | Y11: =IFERROR(X11/W11*100,0) -> 5.4794521 | Z11: {=IF(Y11>5,"Perlu Sensus",IF(AND(Y11>0,,O11>0),"Tetap Deteksi","Belum Deteksi"))} -> Perlu Sensus | AA11: {=INDEX('[20]LS (Deteksi) Agustus'!AA$7:AA$303,MATCH(1,('[20]LS (Deteksi) Agustus'!$D$7:$D$303=$D11)*('[20]LS (Deteksi) Agustus'!$D$7:$D$303=$D11),0))} -> 19 | AB11: =IFERROR(AA11/W11*100,0) -> 8.6757991
A12: LS I | B12: I | C12: I | D12: B11 | E12: 31.93 | F12: GAMBUT | G12: 4122 | H12: =IF(N12>0,N12,V12) -> 46248 | I12: =IF(O12>0,O12,W12) -> 176 | J12: =IF(P12>0,P12," ") | K12: =IF(Q12>0,Q12,X12) -> 5 | L12: =IFERROR(K12/I12*100,0) -> 2.8409091 | M12: {=IF(L12>5,"Perlu Sensus",IF(AND(L12>=0,I12>0),"Tetap Deteksi","Belum Deteksi"))} -> Tetap Deteksi | N12: {=INDEX('[20]LS (Deteksi) Agustus'!N$7:N$303,MATCH(1,('[20]LS (Deteksi) Agustus'!$D$7:$D$303=$D12)*('[20]LS (Deteksi) Agustus'!$D$7:$D$303=$D12),0))} -> 0 | O12: {=INDEX('[20]LS (Deteksi) Agustus'!O$7:O$303,MATCH(1,('[20]LS (Deteksi) Agustus'!$D$7:$D$303=$D12)*('[20]LS (Deteksi) Agustus'!$D$7:$D$303=$D12),0))} -> 0 | P12: {=IFERROR(O12/G12*100,0)} -> 0 | Q12: {=INDEX('[20]LS (Deteksi) Agustus'!Q$7:Q$303,MATCH(1,('[20]LS (Deteksi) Agustus'!$D$7:$D$303=$D12)*('[20]LS (Deteksi) Agustus'!$D$7:$D$303=$D12),0))} -> 0 | R12: =IFERROR(Q12/O12*100,0) -> 0 | S12: {=IF(R12>5,"Perlu Sensus",IF(AND(R12>=0,O12>0),"Tetap Deteksi","Belum Deteksi"))} -> Belum Deteksi | T12: {=INDEX('[20]LS (Deteksi) Agustus'!T$7:T$303,MATCH(1,('[20]LS (Deteksi) Agustus'!$D$7:$D$303=$D12)*('[20]LS (Deteksi) Agustus'!$D$7:$D$303=$D12),0))} -> 0 | U12: =IFERROR(T12/O12*100,0) -> 0 | V12: {=INDEX('[20]LS (Deteksi) Agustus'!V$7:V$303,MATCH(1,('[20]LS (Deteksi) Agustus'!$D$7:$D$303=$D12)*('[20]LS (Deteksi) Agustus'!$D$7:$D$303=$D12),0))} -> 46248 | W12: {=INDEX('[20]LS (Deteksi) Agustus'!W$7:W$303,MATCH(1,('[20]LS (Deteksi) Agustus'!$D$7:$D$303=$D12)*('[20]LS (Deteksi) Agustus'!$D$7:$D$303=$D12),0))} -> 176 | X12: {=INDEX('[20]LS (Deteksi) Agustus'!X$7:X$303,MATCH(1,('[20]LS (Deteksi) Agustus'!$D$7:$D$303=$D12)*('[20]LS (Deteksi) Agustus'!$D$7:$D$303=$D12),0))} -> 5 | Y12: =IFERROR(X12/W12*100,0) -> 2.8409091 | Z12: {=IF(Y12>5,"Perlu Sensus",IF(AND(Y12>0,,O12>0),"Tetap Deteksi","Belum Deteksi"))} -> Belum Deteksi | AA12: {=INDEX('[20]LS (Deteksi) Agustus'!AA$7:AA$303,MATCH(1,('[20]LS (Deteksi) Agustus'!$D$7:$D$303=$D12)*('[20]LS (Deteksi) Agustus'!$D$7:$D$303=$D12),0))} -> 10 | AB12: =IFERROR(AA12/W12*100,0) -> 5.6818182
A13: LS I | B13: I | C13: I | D13: B12 | E13: 37.13 | F13: GAMBUT | G13: 4726 | H13: =IF(N13>0,N13,V13) -> 46248 | I13: =IF(O13>0,O13,W13) -> 180 | J13: =IF(P13>0,P13," ") | K13: =IF(Q13>0,Q13,X13) -> 8 | L13: =IFERROR(K13/I13*100,0) -> 4.4444444 | M13: {=IF(L13>5,"Perlu Sensus",IF(AND(L13>=0,I13>0),"Tetap Deteksi","Belum Deteksi"))} -> Tetap Deteksi | N13: {=INDEX('[20]LS (Deteksi) Agustus'!N$7:N$303,MATCH(1,('[20]LS (Deteksi) Agustus'!$D$7:$D$303=$D13)*('[20]LS (Deteksi) Agustus'!$D$7:$D$303=$D13),0))} -> 0 | O13: {=INDEX('[20]LS (Deteksi) Agustus'!O$7:O$303,MATCH(1,('[20]LS (Deteksi) Agustus'!$D$7:$D$303=$D13)*('[20]LS (Deteksi) Agustus'!$D$7:$D$303=$D13),0))} -> 0 | P13: {=IFERROR(O13/G13*100,0)} -> 0 | Q13: {=INDEX('[20]LS (Deteksi) Agustus'!Q$7:Q$303,MATCH(1,('[20]LS (Deteksi) Agustus'!$D$7:$D$303=$D13)*('[20]LS (Deteksi) Agustus'!$D$7:$D$303=$D13),0))} -> 0 | R13: =IFERROR(Q13/O13*100,0) -> 0 | S13: {=IF(R13>5,"Perlu Sensus",IF(AND(R13>=0,O13>0),"Tetap Deteksi","Belum Deteksi"))} -> Belum Deteksi | T13: {=INDEX('[20]LS (Deteksi) Agustus'!T$7:T$303,MATCH(1,('[20]LS (Deteksi) Agustus'!$D$7:$D$303=$D13)*('[20]LS (Deteksi) Agustus'!$D$7:$D$303=$D13),0))} -> 0 | U13: =IFERROR(T13/O13*100,0) -> 0 | V13: {=INDEX('[20]LS (Deteksi) Agustus'!V$7:V$303,MATCH(1,('[20]LS (Deteksi) Agustus'!$D$7:$D$303=$D13)*('[20]LS (Deteksi) Agustus'!$D$7:$D$303=$D13),0))} -> 46248 | W13: {=INDEX('[20]LS (Deteksi) Agustus'!W$7:W$303,MATCH(1,('[20]LS (Deteksi) Agustus'!$D$7:$D$303=$D13)*('[20]LS (Deteksi) Agustus'!$D$7:$D$303=$D13),0))} -> 180 | X13: {=INDEX('[20]LS (Deteksi) Agustus'!X$7:X$303,MATCH(1,('[20]LS (Deteksi) Agustus'!$D$7:$D$303=$D13)*('[20]LS (Deteksi) Agustus'!$D$7:$D$303=$D13),0))} -> 8 | Y13: =IFERROR(X13/W13*100,0) -> 4.4444444 | Z13: {=IF(Y13>5,"Perlu Sensus",IF(AND(Y13>0,,O13>0),"Tetap Deteksi","Belum Deteksi"))} -> Belum Deteksi | AA13: {=INDEX('[20]LS (Deteksi) Agustus'!AA$7:AA$303,MATCH(1,('[20]LS (Deteksi) Agustus'!$D$7:$D$303=$D13)*('[20]LS (Deteksi) Agustus'!$D$7:$D$303=$D13),0))} -> 13 | AB13: =IFERROR(AA13/W13*100,0) -> 7.2222222
A14: LS I | B14: I | C14: I | D14: B13 | E14: 33.49 | F14: GAMBUT | G14: 3913 | H14: =IF(N14>0,N14,V14) -> 46248 | I14: =IF(O14>0,O14,W14) -> 187 | J14: =IF(P14>0,P14," ") -> 4.778942 | K14: =IF(Q14>0,Q14,X14) -> 11 | L14: =IFERROR(K14/I14*100,0) -> 5.8823529 | M14: {=IF(L14>5,"Perlu Sensus",IF(AND(L14>=0,I14>0),"Tetap Deteksi","Belum Deteksi"))} -> Perlu Sensus | N14: {=INDEX('[20]LS (Deteksi) Agustus'!N$7:N$303,MATCH(1,('[20]LS (Deteksi) Agustus'!$D$7:$D$303=$D14)*('[20]LS (Deteksi) Agustus'!$D$7:$D$303=$D14),0))} -> 46248 | O14: {=INDEX('[20]LS (Deteksi) Agustus'!O$7:O$303,MATCH(1,('[20]LS (Deteksi) Agustus'!$D$7:$D$303=$D14)*('[20]LS (Deteksi) Agustus'!$D$7:$D$303=$D14),0))} -> 187 | P14: {=IFERROR(O14/G14*100,0)} -> 4.778942 | Q14: {=INDEX('[20]LS (Deteksi) Agustus'!Q$7:Q$303,MATCH(1,('[20]LS (Deteksi) Agustus'!$D$7:$D$303=$D14)*('[20]LS (Deteksi) Agustus'!$D$7:$D$303=$D14),0))} -> 11 | R14: =IFERROR(Q14/O14*100,0) -> 5.8823529 | S14: {=IF(R14>5,"Perlu Sensus",IF(AND(R14>=0,O14>0),"Tetap Deteksi","Belum Deteksi"))} -> Perlu Sensus | T14: {=INDEX('[20]LS (Deteksi) Agustus'!T$7:T$303,MATCH(1,('[20]LS (Deteksi) Agustus'!$D$7:$D$303=$D14)*('[20]LS (Deteksi) Agustus'!$D$7:$D$303=$D14),0))} -> 16 | U14: =IFERROR(T14/O14*100,0) -> 8.5561497 | V14: {=INDEX('[20]LS (Deteksi) Agustus'!V$7:V$303,MATCH(1,('[20]LS (Deteksi) Agustus'!$D$7:$D$303=$D14)*('[20]LS (Deteksi) Agustus'!$D$7:$D$303=$D14),0))} -> 0 | W14: {=INDEX('[20]LS (Deteksi) Agustus'!W$7:W$303,MATCH(1,('[20]LS (Deteksi) Agustus'!$D$7:$D$303=$D14)*('[20]LS (Deteksi) Agustus'!$D$7:$D$303=$D14),0))} -> 0 | X14: {=INDEX('[20]LS (Deteksi) Agustus'!X$7:X$303,MATCH(1,('[20]LS (Deteksi) Agustus'!$D$7:$D$303=$D14)*('[20]LS (Deteksi) Agustus'!$D$7:$D$303=$D14),0))} -> 0 | Y14: =IFERROR(X14/W14*100,0) -> 0 | Z14: {=IF(Y14>5,"Perlu Sensus",IF(AND(Y14>0,,O14>0),"Tetap Deteksi","Belum Deteksi"))} -> Belum Deteksi | AA14: {=INDEX('[20]LS (Deteksi) Agustus'!AA$7:AA$303,MATCH(1,('[20]LS (Deteksi) Agustus'!$D$7:$D$303=$D14)*('[20]LS (Deteksi) Agustus'!$D$7:$D$303=$D14),0))} -> 0 | AB14: =IFERROR(AA14/W14*100,0) -> 0
A15: LS I | B15: I | C15: I | D15: B14 | E15: 29.45 | F15: GAMBUT | G15: 3806 | H15: =IF(N15>0,N15,V15) -> 46248 | I15: =IF(O15>0,O15,W15) -> 121 | J15: =IF(P15>0,P15," ") -> 3.1791908 | K15: =IF(Q15>0,Q15,X15) -> 8 | L15: =IFERROR(K15/I15*100,0) -> 6.6115702 | M15: {=IF(L15>5,"Perlu Sensus",IF(AND(L15>=0,I15>0),"Tetap Deteksi","Belum Deteksi"))} -> Perlu Sensus | N15: {=INDEX('[20]LS (Deteksi) Agustus'!N$7:N$303,MATCH(1,('[20]LS (Deteksi) Agustus'!$D$7:$D$303=$D15)*('[20]LS (Deteksi) Agustus'!$D$7:$D$303=$D15),0))} -> 46248 | O15: {=INDEX('[20]LS (Deteksi) Agustus'!O$7:O$303,MATCH(1,('[20]LS (Deteksi) Agustus'!$D$7:$D$303=$D15)*('[20]LS (Deteksi) Agustus'!$D$7:$D$303=$D15),0))} -> 121 | P15: {=IFERROR(O15/G15*100,0)} -> 3.1791908 | Q15: {=INDEX('[20]LS (Deteksi) Agustus'!Q$7:Q$303,MATCH(1,('[20]LS (Deteksi) Agustus'!$D$7:$D$303=$D15)*('[20]LS (Deteksi) Agustus'!$D$7:$D$303=$D15),0))} -> 8 | R15: =IFERROR(Q15/O15*100,0) -> 6.6115702 | S15: {=IF(R15>5,"Perlu Sensus",IF(AND(R15>=0,O15>0),"Tetap Deteksi","Belum Deteksi"))} -> Perlu Sensus | T15: {=INDEX('[20]LS (Deteksi) Agustus'!T$7:T$303,MATCH(1,('[20]LS (Deteksi) Agustus'!$D$7:$D$303=$D15)*('[20]LS (Deteksi) Agustus'!$D$7:$D$303=$D15),0))} -> 9 | U15: =IFERROR(T15/O15*100,0) -> 7.4380165 | V15: {=INDEX('[20]LS (Deteksi) Agustus'!V$7:V$303,MATCH(1,('[20]LS (Deteksi) Agustus'!$D$7:$D$303=$D15)*('[20]LS (Deteksi) Agustus'!$D$7:$D$303=$D15),0))} -> 0 | W15: {=INDEX('[20]LS (Deteksi) Agustus'!W$7:W$303,MATCH(1,('[20]LS (Deteksi) Agustus'!$D$7:$D$303=$D15)*('[20]LS (Deteksi) Agustus'!$D$7:$D$303=$D15),0))} -> 0 | X15: {=INDEX('[20]LS (Deteksi) Agustus'!X$7:X$303,MATCH(1,('[20]LS (Deteksi) Agustus'!$D$7:$D$303=$D15)*('[20]LS (Deteksi) Agustus'!$D$7:$D$303=$D15),0))} -> 0 | Y15: =IFERROR(X15/W15*100,0) -> 0 | Z15: {=IF(Y15>5,"Perlu Sensus",IF(AND(Y15>0,,O15>0),"Tetap Deteksi","Belum Deteksi"))} -> Belum Deteksi | AA15: {=INDEX('[20]LS (Deteksi) Agustus'!AA$7:AA$303,MATCH(1,('[20]LS (Deteksi) Agustus'!$D$7:$D$303=$D15)*('[20]LS (Deteksi) Agustus'!$D$7:$D$303=$D15),0))} -> 0 | AB15: =IFERROR(AA15/W15*100,0) -> 0
A16: LS I | B16: I | C16: I | D16: B15 | E16: 24.51 | F16: GAMBUT | G16: 3672 | H16: =IF(N16>0,N16,V16) -> 46241 | I16: =IF(O16>0,O16,W16) -> 54 | J16: =IF(P16>0,P16," ") -> 1.4705882 | K16: =IF(Q16>0,Q16,X16) -> 3 | L16: =IFERROR(K16/I16*100,0) -> 5.5555556 | M16: {=IF(L16>5,"Perlu Sensus",IF(AND(L16>=0,I16>0),"Tetap Deteksi","Belum Deteksi"))} -> Perlu Sensus | N16: {=INDEX('[20]LS (Deteksi) Agustus'!N$7:N$303,MATCH(1,('[20]LS (Deteksi) Agustus'!$D$7:$D$303=$D16)*('[20]LS (Deteksi) Agustus'!$D$7:$D$303=$D16),0))} -> 46241 | O16: {=INDEX('[20]LS (Deteksi) Agustus'!O$7:O$303,MATCH(1,('[20]LS (Deteksi) Agustus'!$D$7:$D$303=$D16)*('[20]LS (Deteksi) Agustus'!$D$7:$D$303=$D16),0))} -> 54 | P16: {=IFERROR(O16/G16*100,0)} -> 1.4705882 | Q16: {=INDEX('[20]LS (Deteksi) Agustus'!Q$7:Q$303,MATCH(1,('[20]LS (Deteksi) Agustus'!$D$7:$D$303=$D16)*('[20]LS (Deteksi) Agustus'!$D$7:$D$303=$D16),0))} -> 3 | R16: =IFERROR(Q16/O16*100,0) -> 5.5555556 | S16: {=IF(R16>5,"Perlu Sensus",IF(AND(R16>=0,O16>0),"Tetap Deteksi","Belum Deteksi"))} -> Perlu Sensus | T16: {=INDEX('[20]LS (Deteksi) Agustus'!T$7:T$303,MATCH(1,('[20]LS (Deteksi) Agustus'!$D$7:$D$303=$D16)*('[20]LS (Deteksi) Agustus'!$D$7:$D$303=$D16),0))} -> 14 | U16: =IFERROR(T16/O16*100,0) -> 25.925926 | V16: {=INDEX('[20]LS (Deteksi) Agustus'!V$7:V$303,MATCH(1,('[20]LS (Deteksi) Agustus'!$D$7:$D$303=$D16)*('[20]LS (Deteksi) Agustus'!$D$7:$D$303=$D16),0))} -> 46242 | W16: {=INDEX('[20]LS (Deteksi) Agustus'!W$7:W$303,MATCH(1,('[20]LS (Deteksi) Agustus'!$D$7:$D$303=$D16)*('[20]LS (Deteksi) Agustus'!$D$7:$D$303=$D16),0))} -> 233 | X16: {=INDEX('[20]LS (Deteksi) Agustus'!X$7:X$303,MATCH(1,('[20]LS (Deteksi) Agustus'!$D$7:$D$303=$D16)*('[20]LS (Deteksi) Agustus'!$D$7:$D$303=$D16),0))} -> 15 | Y16: =IFERROR(X16/W16*100,0) -> 6.4377682 | Z16: {=IF(Y16>5,"Perlu Sensus",IF(AND(Y16>0,,O16>0),"Tetap Deteksi","Belum Deteksi"))} -> Perlu Sensus | AA16: {=INDEX('[20]LS (Deteksi) Agustus'!AA$7:AA$303,MATCH(1,('[20]LS (Deteksi) Agustus'!$D$7:$D$303=$D16)*('[20]LS (Deteksi) Agustus'!$D$7:$D$303=$D16),0))} -> 15 | AB16: =IFERROR(AA16/W16*100,0) -> 6.4377682
A17: LS I | B17: I | C17: I | D17: B16 | E17: 24.21 | F17: GAMBUT | G17: 3591 | H17: =IF(N17>0,N17,V17) -> 46241 | I17: =IF(O17>0,O17,W17) -> 120 | J17: =IF(P17>0,P17," ") -> 3.3416876 | K17: =IF(Q17>0,Q17,X17) -> 11 | L17: =IFERROR(K17/I17*100,0) -> 9.1666667 | M17: {=IF(L17>5,"Perlu Sensus",IF(AND(L17>=0,I17>0),"Tetap Deteksi","Belum Deteksi"))} -> Perlu Sensus | N17: {=INDEX('[20]LS (Deteksi) Agustus'!N$7:N$303,MATCH(1,('[20]LS (Deteksi) Agustus'!$D$7:$D$303=$D17)*('[20]LS (Deteksi) Agustus'!$D$7:$D$303=$D17),0))} -> 46241 | O17: {=INDEX('[20]LS (Deteksi) Agustus'!O$7:O$303,MATCH(1,('[20]LS (Deteksi) Agustus'!$D$7:$D$303=$D17)*('[20]LS (Deteksi) Agustus'!$D$7:$D$303=$D17),0))} -> 120 | P17: {=IFERROR(O17/G17*100,0)} -> 3.3416876 | Q17: {=INDEX('[20]LS (Deteksi) Agustus'!Q$7:Q$303,MATCH(1,('[20]LS (Deteksi) Agustus'!$D$7:$D$303=$D17)*('[20]LS (Deteksi) Agustus'!$D$7:$D$303=$D17),0))} -> 11 | R17: =IFERROR(Q17/O17*100,0) -> 9.1666667 | S17: {=IF(R17>5,"Perlu Sensus",IF(AND(R17>=0,O17>0),"Tetap Deteksi","Belum Deteksi"))} -> Perlu Sensus | T17: {=INDEX('[20]LS (Deteksi) Agustus'!T$7:T$303,MATCH(1,('[20]LS (Deteksi) Agustus'!$D$7:$D$303=$D17)*('[20]LS (Deteksi) Agustus'!$D$7:$D$303=$D17),0))} -> 15 | U17: =IFERROR(T17/O17*100,0) -> 12.5 | V17: {=INDEX('[20]LS (Deteksi) Agustus'!V$7:V$303,MATCH(1,('[20]LS (Deteksi) Agustus'!$D$7:$D$303=$D17)*('[20]LS (Deteksi) Agustus'!$D$7:$D$303=$D17),0))} -> 46242 | W17: {=INDEX('[20]LS (Deteksi) Agustus'!W$7:W$303,MATCH(1,('[20]LS (Deteksi) Agustus'!$D$7:$D$303=$D17)*('[20]LS (Deteksi) Agustus'!$D$7:$D$303=$D17),0))} -> 298 | X17: {=INDEX('[20]LS (Deteksi) Agustus'!X$7:X$303,MATCH(1,('[20]LS (Deteksi) Agustus'!$D$7:$D$303=$D17)*('[20]LS (Deteksi) Agustus'!$D$7:$D$303=$D17),0))} -> 20 | Y17: =IFERROR(X17/W17*100,0) -> 6.7114094 | Z17: {=IF(Y17>5,"Perlu Sensus",IF(AND(Y17>0,,O17>0),"Tetap Deteksi","Belum Deteksi"))} -> Perlu Sensus | AA17: {=INDEX('[20]LS (Deteksi) Agustus'!AA$7:AA$303,MATCH(1,('[20]LS (Deteksi) Agustus'!$D$7:$D$303=$D17)*('[20]LS (Deteksi) Agustus'!$D$7:$D$303=$D17),0))} -> 25 | AB17: =IFERROR(AA17/W17*100,0) -> 8.3892617
... A157: LS I | B157: I | C157: V | D157: K16 | E157: 45.08 | F157: PASIR | G157: 6402 | H157: =IF(N157>0,N157,V157) -> 46235 | I157: =IF(O157>0,O157,W157) -> 58 | J157: =IF(P157>0,P157," ") -> 0.90596689 | K157: =IF(Q157>0,Q157,X157) -> 2 | L157: =IFERROR(K157/I157*100,0) -> 3.4482759 | M157: {=IF(L157>5,"Perlu Sensus",IF(AND(L157>=0,I157>0),"Tetap Deteksi","Belum Deteksi"))} -> Tetap Deteksi | N157: {=INDEX('[20]LS (Deteksi) Agustus'!N$7:N$303,MATCH(1,('[20]LS (Deteksi) Agustus'!$D$7:$D$303=$D157)*('[20]LS (Deteksi) Agustus'!$D$7:$D$303=$D157),0))} -> 46235 | O157: {=INDEX('[20]LS (Deteksi) Agustus'!O$7:O$303,MATCH(1,('[20]LS (Deteksi) Agustus'!$D$7:$D$303=$D157)*('[20]LS (Deteksi) Agustus'!$D$7:$D$303=$D157),0))} -> 58 | P157: {=IFERROR(O157/G157*100,0)} -> 0.90596689 | Q157: {=INDEX('[20]LS (Deteksi) Agustus'!Q$7:Q$303,MATCH(1,('[20]LS (Deteksi) Agustus'!$D$7:$D$303=$D157)*('[20]LS (Deteksi) Agustus'!$D$7:$D$303=$D157),0))} -> 2 | R157: =IFERROR(Q157/O157*100,0) -> 3.4482759 | S157: {=IF(R157>5,"Perlu Sensus",IF(AND(R157>=0,O157>0),"Tetap Deteksi","Belum Deteksi"))} -> Tetap Deteksi | T157: {=INDEX('[20]LS (Deteksi) Agustus'!T$7:T$303,MATCH(1,('[20]LS (Deteksi) Agustus'!$D$7:$D$303=$D157)*('[20]LS (Deteksi) Agustus'!$D$7:$D$303=$D157),0))} -> 45 | U157: =IFERROR(T157/O157*100,0) -> 77.586207 | V157: {=INDEX('[20]LS (Deteksi) Agustus'!V$7:V$303,MATCH(1,('[20]LS (Deteksi) Agustus'!$D$7:$D$303=$D157)*('[20]LS (Deteksi) Agustus'!$D$7:$D$303=$D157),0))} -> 0 | W157: {=INDEX('[20]LS (Deteksi) Agustus'!W$7:W$303,MATCH(1,('[20]LS (Deteksi) Agustus'!$D$7:$D$303=$D157)*('[20]LS (Deteksi) Agustus'!$D$7:$D$303=$D157),0))} -> 0 | X157: {=INDEX('[20]LS (Deteksi) Agustus'!X$7:X$303,MATCH(1,('[20]LS (Deteksi) Agustus'!$D$7:$D$303=$D157)*('[20]LS (Deteksi) Agustus'!$D$7:$D$303=$D157),0))} -> 0 | Y157: =IFERROR(X157/W157*100,0) -> 0 | Z157: {=IF(Y157>5,"Perlu Sensus",IF(AND(Y157>0,,O157>0),"Tetap Deteksi","Belum Deteksi"))} -> Belum Deteksi | AA157: {=INDEX('[20]LS (Deteksi) Agustus'!AA$7:AA$303,MATCH(1,('[20]LS (Deteksi) Agustus'!$D$7:$D$303=$D157)*('[20]LS (Deteksi) Agustus'!$D$7:$D$303=$D157),0))} -> 0 | AB157: =IFERROR(AA157/W157*100,0) -> 0
A158: LS I | B158: II | C158: VI | D158: L10 | E158: 33.32 | F158: PASIR | G158: 4628 | H158: =IF(N158>0,N158,V158) -> 46242 | I158: =IF(O158>0,O158,W158) -> 136 | J158: =IF(P158>0,P158," ") -> 2.9386344 | K158: =IF(Q158>0,Q158,X158) -> 8 | L158: =IFERROR(K158/I158*100,0) -> 5.8823529 | M158: {=IF(L158>5,"Perlu Sensus",IF(AND(L158>=0,I158>0),"Tetap Deteksi","Belum Deteksi"))} -> Perlu Sensus | N158: 46242 | O158: 136 | P158: {=IFERROR(O158/G158*100,0)} -> 2.9386344 | Q158: 8 | R158: =IFERROR(Q158/O158*100,0) -> 5.8823529 | S158: {=IF(R158>5,"Perlu Sensus",IF(AND(R158>=0,O158>0),"Tetap Deteksi","Belum Deteksi"))} -> Perlu Sensus | T158: {=INDEX('[20]LS (Deteksi) Agustus'!T$7:T$303,MATCH(1,('[20]LS (Deteksi) Agustus'!$D$7:$D$303=$D158)*('[20]LS (Deteksi) Agustus'!$D$7:$D$303=$D158),0))} -> 0 | U158: =IFERROR(T158/O158*100,0) -> 0 | V158: 46244 | W158: 203 | X158: 8 | Y158: =IFERROR(X158/W158*100,0) -> 3.9408867 | Z158: {=IF(Y158>5,"Perlu Sensus",IF(AND(Y158>0,,O158>0),"Tetap Deteksi","Belum Deteksi"))} -> Belum Deteksi | AA158: {=INDEX('[20]LS (Deteksi) Agustus'!AA$7:AA$303,MATCH(1,('[20]LS (Deteksi) Agustus'!$D$7:$D$303=$D158)*('[20]LS (Deteksi) Agustus'!$D$7:$D$303=$D158),0))} -> 0 | AB158: =IFERROR(AA158/W158*100,0) -> 0
A159: LS I | B159: II | C159: VI | D159: L11 | E159: 25.36 | F159: PASIR | G159: 3827 | H159: =IF(N159>0,N159,V159) -> 46242 | I159: =IF(O159>0,O159,W159) -> 118 | J159: =IF(P159>0,P159," ") -> 3.0833551 | K159: =IF(Q159>0,Q159,X159) -> 6 | L159: =IFERROR(K159/I159*100,0) -> 5.0847458 | M159: {=IF(L159>5,"Perlu Sensus",IF(AND(L159>=0,I159>0),"Tetap Deteksi","Belum Deteksi"))} -> Perlu Sensus | N159: 46242 | O159: 118 | P159: {=IFERROR(O159/G159*100,0)} -> 3.0833551 | Q159: 6 | R159: =IFERROR(Q159/O159*100,0) -> 5.0847458 | S159: {=IF(R159>5,"Perlu Sensus",IF(AND(R159>=0,O159>0),"Tetap Deteksi","Belum Deteksi"))} -> Perlu Sensus | T159: {=INDEX('[20]LS (Deteksi) Agustus'!T$7:T$303,MATCH(1,('[20]LS (Deteksi) Agustus'!$D$7:$D$303=$D159)*('[20]LS (Deteksi) Agustus'!$D$7:$D$303=$D159),0))} -> 0 | U159: =IFERROR(T159/O159*100,0) -> 0 | V159: 46244 | W159: 223 | X159: 9 | Y159: =IFERROR(X159/W159*100,0) -> 4.0358744 | Z159: {=IF(Y159>5,"Perlu Sensus",IF(AND(Y159>0,,O159>0),"Tetap Deteksi","Belum Deteksi"))} -> Belum Deteksi | AA159: {=INDEX('[20]LS (Deteksi) Agustus'!AA$7:AA$303,MATCH(1,('[20]LS (Deteksi) Agustus'!$D$7:$D$303=$D159)*('[20]LS (Deteksi) Agustus'!$D$7:$D$303=$D159),0))} -> 0 | AB159: =IFERROR(AA159/W159*100,0) -> 0
A160: LS I | B160: II | C160: VI | D160: L12 | E160: 25.06 | F160: PASIR | G160: 3856 | H160: =IF(N160>0,N160,V160) -> 46242 | I160: =IF(O160>0,O160,W160) -> 119 | J160: =IF(P160>0,P160," ") -> 3.0860996 | K160: =IF(Q160>0,Q160,X160) -> 21 | L160: =IFERROR(K160/I160*100,0) -> 17.647059 | M160: {=IF(L160>5,"Perlu Sensus",IF(AND(L160>=0,I160>0),"Tetap Deteksi","Belum Deteksi"))} -> Perlu Sensus | N160: 46242 | O160: 119 | P160: {=IFERROR(O160/G160*100,0)} -> 3.0860996 | Q160: 21 | R160: =IFERROR(Q160/O160*100,0) -> 17.647059 | S160: {=IF(R160>5,"Perlu Sensus",IF(AND(R160>=0,O160>0),"Tetap Deteksi","Belum Deteksi"))} -> Perlu Sensus | T160: {=INDEX('[20]LS (Deteksi) Agustus'!T$7:T$303,MATCH(1,('[20]LS (Deteksi) Agustus'!$D$7:$D$303=$D160)*('[20]LS (Deteksi) Agustus'!$D$7:$D$303=$D160),0))} -> 0 | U160: =IFERROR(T160/O160*100,0) -> 0 | V160: 46244 | W160: 215 | X160: 20 | Y160: =IFERROR(X160/W160*100,0) -> 9.3023256 | Z160: {=IF(Y160>5,"Perlu Sensus",IF(AND(Y160>0,,O160>0),"Tetap Deteksi","Belum Deteksi"))} -> Perlu Sensus | AA160: {=INDEX('[20]LS (Deteksi) Agustus'!AA$7:AA$303,MATCH(1,('[20]LS (Deteksi) Agustus'!$D$7:$D$303=$D160)*('[20]LS (Deteksi) Agustus'!$D$7:$D$303=$D160),0))} -> 0 | AB160: =IFERROR(AA160/W160*100,0) -> 0
A161: LS I | B161: II | C161: VI | D161: L13 | E161: 24.9 | F161: PASIR | G161: 3638 | H161: =IF(N161>0,N161,V161) -> 46248 | I161: =IF(O161>0,O161,W161) -> 222 | J161: =IF(P161>0,P161," ") -> 6.102254 | K161: =IF(Q161>0,Q161,X161) -> 2 | L161: =IFERROR(K161/I161*100,0) -> 0.9009009 | M161: {=IF(L161>5,"Perlu Sensus",IF(AND(L161>=0,I161>0),"Tetap Deteksi","Belum Deteksi"))} -> Tetap Deteksi | N161: 46248 | O161: 222 | P161: {=IFERROR(O161/G161*100,0)} -> 6.102254 | Q161: 2 | R161: =IFERROR(Q161/O161*100,0) -> 0.9009009 | S161: {=IF(R161>5,"Perlu Sensus",IF(AND(R161>=0,O161>0),"Tetap Deteksi","Belum Deteksi"))} -> Tetap Deteksi | T161: {=INDEX('[20]LS (Deteksi) Agustus'!T$7:T$303,MATCH(1,('[20]LS (Deteksi) Agustus'!$D$7:$D$303=$D161)*('[20]LS (Deteksi) Agustus'!$D$7:$D$303=$D161),0))} -> 0 | U161: =IFERROR(T161/O161*100,0) -> 0 | V161: 46249 | W161: 48 | X161: 1 | Y161: =IFERROR(X161/W161*100,0) -> 2.0833333 | Z161: {=IF(Y161>5,"Perlu Sensus",IF(AND(Y161>0,,O161>0),"Tetap Deteksi","Belum Deteksi"))} -> Belum Deteksi | AA161: {=INDEX('[20]LS (Deteksi) Agustus'!AA$7:AA$303,MATCH(1,('[20]LS (Deteksi) Agustus'!$D$7:$D$303=$D161)*('[20]LS (Deteksi) Agustus'!$D$7:$D$303=$D161),0))} -> 0 | AB161: =IFERROR(AA161/W161*100,0) -> 0
A162: LS I | B162: II | C162: VI | D162: L14 | E162: 25.35 | F162: PASIR | G162: 3683 | H162: =IF(N162>0,N162,V162) -> 46244 | I162: =IF(O162>0,O162,W162) -> 112 | J162: =IF(P162>0,P162," ") -> 3.0409992 | K162: =IF(Q162>0,Q162,X162) -> 6 | L162: =IFERROR(K162/I162*100,0) -> 5.3571429 | M162: {=IF(L162>5,"Perlu Sensus",IF(AND(L162>=0,I162>0),"Tetap Deteksi","Belum Deteksi"))} -> Perlu Sensus | N162: 46244 | O162: 112 | P162: {=IFERROR(O162/G162*100,0)} -> 3.0409992 | Q162: 6 | R162: =IFERROR(Q162/O162*100,0) -> 5.3571429 | S162: {=IF(R162>5,"Perlu Sensus",IF(AND(R162>=0,O162>0),"Tetap Deteksi","Belum Deteksi"))} -> Perlu Sensus | T162: {=INDEX('[20]LS (Deteksi) Agustus'!T$7:T$303,MATCH(1,('[20]LS (Deteksi) Agustus'!$D$7:$D$303=$D162)*('[20]LS (Deteksi) Agustus'!$D$7:$D$303=$D162),0))} -> 0 | U162: =IFERROR(T162/O162*100,0) -> 0 | V162: 46245 | W162: 289 | X162: 5 | Y162: =IFERROR(X162/W162*100,0) -> 1.7301038 | Z162: {=IF(Y162>5,"Perlu Sensus",IF(AND(Y162>0,,O162>0),"Tetap Deteksi","Belum Deteksi"))} -> Belum Deteksi | AA162: {=INDEX('[20]LS (Deteksi) Agustus'!AA$7:AA$303,MATCH(1,('[20]LS (Deteksi) Agustus'!$D$7:$D$303=$D162)*('[20]LS (Deteksi) Agustus'!$D$7:$D$303=$D162),0))} -> 0 | AB162: =IFERROR(AA162/W162*100,0) -> 0
A163: LS I | B163: II | C163: VI | D163: L15 | E163: 24.52 | F163: PASIR | G163: 3584 | H163: =IF(N163>0,N163,V163) -> 46248 | I163: =IF(O163>0,O163,W163) -> 147 | J163: =IF(P163>0,P163," ") -> 4.1015625 | K163: =IF(Q163>0,Q163,X163) -> 4 | L163: =IFERROR(K163/I163*100,0) -> 2.7210884 | M163: {=IF(L163>5,"Perlu Sensus",IF(AND(L163>=0,I163>0),"Tetap Deteksi","Belum Deteksi"))} -> Tetap Deteksi | N163: 46248 | O163: 147 | P163: {=IFERROR(O163/G163*100,0)} -> 4.1015625 | Q163: 4 | R163: =IFERROR(Q163/O163*100,0) -> 2.7210884 | S163: {=IF(R163>5,"Perlu Sensus",IF(AND(R163>=0,O163>0),"Tetap Deteksi","Belum Deteksi"))} -> Tetap Deteksi | T163: {=INDEX('[20]LS (Deteksi) Agustus'!T$7:T$303,MATCH(1,('[20]LS (Deteksi) Agustus'!$D$7:$D$303=$D163)*('[20]LS (Deteksi) Agustus'!$D$7:$D$303=$D163),0))} -> 0 | U163: =IFERROR(T163/O163*100,0) -> 0 | V163: 46246 | W163: 260 | X163: 3 | Y163: =IFERROR(X163/W163*100,0) -> 1.1538462 | Z163: {=IF(Y163>5,"Perlu Sensus",IF(AND(Y163>0,,O163>0),"Tetap Deteksi","Belum Deteksi"))} -> Belum Deteksi | AA163: {=INDEX('[20]LS (Deteksi) Agustus'!AA$7:AA$303,MATCH(1,('[20]LS (Deteksi) Agustus'!$D$7:$D$303=$D163)*('[20]LS (Deteksi) Agustus'!$D$7:$D$303=$D163),0))} -> 0 | AB163: =IFERROR(AA163/W163*100,0) -> 0
A164: LS I | B164: II | C164: VI | D164: L16 | E164: 24.59 | F164: PASIR | G164: 3638 | H164: =IF(N164>0,N164,V164) -> 46248 | I164: =IF(O164>0,O164,W164) -> 147 | J164: =IF(P164>0,P164," ") -> 4.0406817 | K164: =IF(Q164>0,Q164,X164) -> 2 | L164: =IFERROR(K164/I164*100,0) -> 1.3605442 | M164: {=IF(L164>5,"Perlu Sensus",IF(AND(L164>=0,I164>0),"Tetap Deteksi","Belum Deteksi"))} -> Tetap Deteksi | N164: 46248 | O164: 147 | P164: {=IFERROR(O164/G164*100,0)} -> 4.0406817 | Q164: 2 | R164: =IFERROR(Q164/O164*100,0) -> 1.3605442 | S164: {=IF(R164>5,"Perlu Sensus",IF(AND(R164>=0,O164>0),"Tetap Deteksi","Belum Deteksi"))} -> Tetap Deteksi | T164: {=INDEX('[20]LS (Deteksi) Agustus'!T$7:T$303,MATCH(1,('[20]LS (Deteksi) Agustus'!$D$7:$D$303=$D164)*('[20]LS (Deteksi) Agustus'!$D$7:$D$303=$D164),0))} -> 0 | U164: =IFERROR(T164/O164*100,0) -> 0 | V164: 46249 | W164: 48 | X164: 2 | Y164: =IFERROR(X164/W164*100,0) -> 4.1666667 | Z164: {=IF(Y164>5,"Perlu Sensus",IF(AND(Y164>0,,O164>0),"Tetap Deteksi","Belum Deteksi"))} -> Belum Deteksi | AA164: {=INDEX('[20]LS (Deteksi) Agustus'!AA$7:AA$303,MATCH(1,('[20]LS (Deteksi) Agustus'!$D$7:$D$303=$D164)*('[20]LS (Deteksi) Agustus'!$D$7:$D$303=$D164),0))} -> 0 | AB164: =IFERROR(AA164/W164*100,0) -> 0
A165: LS I | B165: II | C165: VI | D165: L17 | E165: 28.34 | F165: PASIR | G165: 4136 | H165: =IF(N165>0,N165,V165) -> 46248 | I165: =IF(O165>0,O165,W165) -> 123 | J165: =IF(P165>0,P165," ") -> 2.9738878 | K165: =IF(Q165>0,Q165,X165) -> 2 | L165: =IFERROR(K165/I165*100,0) -> 1.6260163 | M165: {=IF(L165>5,"Perlu Sensus",IF(AND(L165>=0,I165>0),"Tetap Deteksi","Belum Deteksi"))} -> Tetap Deteksi | N165: 46248 | O165: 123 | P165: {=IFERROR(O165/G165*100,0)} -> 2.9738878 | Q165: 2 | R165: =IFERROR(Q165/O165*100,0) -> 1.6260163 | S165: {=IF(R165>5,"Perlu Sensus",IF(AND(R165>=0,O165>0),"Tetap Deteksi","Belum Deteksi"))} -> Tetap Deteksi | T165: {=INDEX('[20]LS (Deteksi) Agustus'!T$7:T$303,MATCH(1,('[20]LS (Deteksi) Agustus'!$D$7:$D$303=$D165)*('[20]LS (Deteksi) Agustus'!$D$7:$D$303=$D165),0))} -> 0 | U165: =IFERROR(T165/O165*100,0) -> 0 | V165: 46249 | W165: 44 | X165: 1 | Y165: =IFERROR(X165/W165*100,0) -> 2.2727273 | Z165: {=IF(Y165>5,"Perlu Sensus",IF(AND(Y165>0,,O165>0),"Tetap Deteksi","Belum Deteksi"))} -> Belum Deteksi | AA165: {=INDEX('[20]LS (Deteksi) Agustus'!AA$7:AA$303,MATCH(1,('[20]LS (Deteksi) Agustus'!$D$7:$D$303=$D165)*('[20]LS (Deteksi) Agustus'!$D$7:$D$303=$D165),0))} -> 0 | AB165: =IFERROR(AA165/W165*100,0) -> 0
A166: LS I | B166: II | C166: VI | D166: M10 | E166: 32.88 | F166: PASIR | G166: 4776 | H166: =IF(N166>0,N166,V166) -> 46248 | I166: =IF(O166>0,O166,W166) -> 124 | J166: =IF(P166>0,P166," ") -> 2.5963149 | K166: =IF(Q166>0,Q166,X166) -> 2 | L166: =IFERROR(K166/I166*100,0) -> 1.6129032 | M166: {=IF(L166>5,"Perlu Sensus",IF(AND(L166>=0,I166>0),"Tetap Deteksi","Belum Deteksi"))} -> Tetap Deteksi | N166: 46248 | O166: 124 | P166: {=IFERROR(O166/G166*100,0)} -> 2.5963149 | Q166: 2 | R166: =IFERROR(Q166/O166*100,0) -> 1.6129032 | S166: {=IF(R166>5,"Perlu Sensus",IF(AND(R166>=0,O166>0),"Tetap Deteksi","Belum Deteksi"))} -> Tetap Deteksi | T166: {=INDEX('[20]LS (Deteksi) Agustus'!T$7:T$303,MATCH(1,('[20]LS (Deteksi) Agustus'!$D$7:$D$303=$D166)*('[20]LS (Deteksi) Agustus'!$D$7:$D$303=$D166),0))} -> 0 | U166: =IFERROR(T166/O166*100,0) -> 0 | V166: 46249 | W166: 48 | X166: 1 | Y166: =IFERROR(X166/W166*100,0) -> 2.0833333 | Z166: {=IF(Y166>5,"Perlu Sensus",IF(AND(Y166>0,,O166>0),"Tetap Deteksi","Belum Deteksi"))} -> Belum Deteksi | AA166: {=INDEX('[20]LS (Deteksi) Agustus'!AA$7:AA$303,MATCH(1,('[20]LS (Deteksi) Agustus'!$D$7:$D$303=$D166)*('[20]LS (Deteksi) Agustus'!$D$7:$D$303=$D166),0))} -> 0 | AB166: =IFERROR(AA166/W166*100,0) -> 0
A167: LS I | B167: II | C167: VI | D167: M11 | E167: 24.78 | F167: PASIR | G167: 3511 | H167: =IF(N167>0,N167,V167) -> 46239 | I167: =IF(O167>0,O167,W167) -> 112 | J167: =IF(P167>0,P167," ") -> 3.1899744 | K167: =IF(Q167>0,Q167,X167) -> 4 | L167: =IFERROR(K167/I167*100,0) -> 3.5714286 | M167: {=IF(L167>5,"Perlu Sensus",IF(AND(L167>=0,I167>0),"Tetap Deteksi","Belum Deteksi"))} -> Tetap Deteksi | N167: 46239 | O167: 112 | P167: {=IFERROR(O167/G167*100,0)} -> 3.1899744 | Q167: 4 | R167: =IFERROR(Q167/O167*100,0) -> 3.5714286 | S167: {=IF(R167>5,"Perlu Sensus",IF(AND(R167>=0,O167>0),"Tetap Deteksi","Belum Deteksi"))} -> Tetap Deteksi | T167: {=INDEX('[20]LS (Deteksi) Agustus'!T$7:T$303,MATCH(1,('[20]LS (Deteksi) Agustus'!$D$7:$D$303=$D167)*('[20]LS (Deteksi) Agustus'!$D$7:$D$303=$D167),0))} -> 0 | U167: =IFERROR(T167/O167*100,0) -> 0 | V167: 46240 | W167: 250 | X167: 4 | Y167: =IFERROR(X167/W167*100,0) -> 1.6 | Z167: {=IF(Y167>5,"Perlu Sensus",IF(AND(Y167>0,,O167>0),"Tetap Deteksi","Belum Deteksi"))} -> Belum Deteksi | AA167: {=INDEX('[20]LS (Deteksi) Agustus'!AA$7:AA$303,MATCH(1,('[20]LS (Deteksi) Agustus'!$D$7:$D$303=$D167)*('[20]LS (Deteksi) Agustus'!$D$7:$D$303=$D167),0))} -> 0 | AB167: =IFERROR(AA167/W167*100,0) -> 0
A168: LS I | B168: II | C168: VI | D168: M12 | E168: 25.2 | F168: PASIR | G168: 3569 | H168: =IF(N168>0,N168,V168) -> 46239 | I168: =IF(O168>0,O168,W168) -> 110 | J168: =IF(P168>0,P168," ") -> 3.0820958 | K168: =IF(Q168>0,Q168,X168) -> 3 | L168: =IFERROR(K168/I168*100,0) -> 2.7272727 | M168: {=IF(L168>5,"Perlu Sensus",IF(AND(L168>=0,I168>0),"Tetap Deteksi","Belum Deteksi"))} -> Tetap Deteksi | N168: 46239 | O168: 110 | P168: {=IFERROR(O168/G168*100,0)} -> 3.0820958 | Q168: 3 | R168: =IFERROR(Q168/O168*100,0) -> 2.7272727 | S168: {=IF(R168>5,"Perlu Sensus",IF(AND(R168>=0,O168>0),"Tetap Deteksi","Belum Deteksi"))} -> Tetap Deteksi | T168: {=INDEX('[20]LS (Deteksi) Agustus'!T$7:T$303,MATCH(1,('[20]LS (Deteksi) Agustus'!$D$7:$D$303=$D168)*('[20]LS (Deteksi) Agustus'!$D$7:$D$303=$D168),0))} -> 0 | U168: =IFERROR(T168/O168*100,0) -> 0 | V168: 46240 | W168: 270 | X168: 3 | Y168: =IFERROR(X168/W168*100,0) -> 1.1111111 | Z168: {=IF(Y168>5,"Perlu Sensus",IF(AND(Y168>0,,O168>0),"Tetap Deteksi","Belum Deteksi"))} -> Belum Deteksi | AA168: {=INDEX('[20]LS (Deteksi) Agustus'!AA$7:AA$303,MATCH(1,('[20]LS (Deteksi) Agustus'!$D$7:$D$303=$D168)*('[20]LS (Deteksi) Agustus'!$D$7:$D$303=$D168),0))} -> 0 | AB168: =IFERROR(AA168/W168*100,0) -> 0
A169: LS I | B169: II | C169: VI | D169: M13 | E169: 25.13 | F169: PASIR | G169: 3567 | H169: =IF(N169>0,N169,V169) -> 46239 | I169: =IF(O169>0,O169,W169) -> 56 | J169: =IF(P169>0,P169," ") -> 1.5699467 | K169: =IF(Q169>0,Q169,X169) -> 2 | L169: =IFERROR(K169/I169*100,0) -> 3.5714286 | M169: {=IF(L169>5,"Perlu Sensus",IF(AND(L169>=0,I169>0),"Tetap Deteksi","Belum Deteksi"))} -> Tetap Deteksi | N169: 46239 | O169: 56 | P169: {=IFERROR(O169/G169*100,0)} -> 1.5699467 | Q169: 2 | R169: =IFERROR(Q169/O169*100,0) -> 3.5714286 | S169: {=IF(R169>5,"Perlu Sensus",IF(AND(R169>=0,O169>0),"Tetap Deteksi","Belum Deteksi"))} -> Tetap Deteksi | T169: {=INDEX('[20]LS (Deteksi) Agustus'!T$7:T$303,MATCH(1,('[20]LS (Deteksi) Agustus'!$D$7:$D$303=$D169)*('[20]LS (Deteksi) Agustus'!$D$7:$D$303=$D169),0))} -> 0 | U169: =IFERROR(T169/O169*100,0) -> 0 | V169: 46240 | W169: 225 | X169: 8 | Y169: =IFERROR(X169/W169*100,0) -> 3.5555556 | Z169: {=IF(Y169>5,"Perlu Sensus",IF(AND(Y169>0,,O169>0),"Tetap Deteksi","Belum Deteksi"))} -> Belum Deteksi | AA169: {=INDEX('[20]LS (Deteksi) Agustus'!AA$7:AA$303,MATCH(1,('[20]LS (Deteksi) Agustus'!$D$7:$D$303=$D169)*('[20]LS (Deteksi) Agustus'!$D$7:$D$303=$D169),0))} -> 0 | AB169: =IFERROR(AA169/W169*100,0) -> 0
... A302: LS I | B302: II | C302: IX | D302: S28 | E302: 33.98 | F302: PASIR | G302: 4881 | H302: =IF(N302>0,N302,V302) -> 46248 | I302: =IF(O302>0,O302,W302) -> 121 | J302: =IF(P302>0,P302," ") -> 2.4790002 | K302: =IF(Q302>0,Q302,X302) -> 2 | L302: =IFERROR(K302/I302*100,0) -> 1.6528926 | M302: {=IF(L302>5,"Perlu Sensus",IF(AND(L302>=0,I302>0),"Tetap Deteksi","Belum Deteksi"))} -> Tetap Deteksi | N302: 46248 | O302: 121 | P302: {=IFERROR(O302/G302*100,0)} -> 2.4790002 | Q302: 2 | R302: =IFERROR(Q302/O302*100,0) -> 1.6528926 | S302: {=IF(R302>5,"Perlu Sensus",IF(AND(R302>=0,O302>0),"Tetap Deteksi","Belum Deteksi"))} -> Tetap Deteksi | T302: {=INDEX('[20]LS (Deteksi) Agustus'!T$7:T$303,MATCH(1,('[20]LS (Deteksi) Agustus'!$D$7:$D$303=$D302)*('[20]LS (Deteksi) Agustus'!$D$7:$D$303=$D302),0))} -> 0 | U302: =IFERROR(T302/O302*100,0) -> 0 | V302: 46249 | W302: 102 | X302: 2 | Y302: =IFERROR(X302/W302*100,0) -> 1.9607843 | Z302: {=IF(Y302>5,"Perlu Sensus",IF(AND(Y302>0,,O302>0),"Tetap Deteksi","Belum Deteksi"))} -> Belum Deteksi | AA302: {=INDEX('[20]LS (Deteksi) Agustus'!AA$7:AA$303,MATCH(1,('[20]LS (Deteksi) Agustus'!$D$7:$D$303=$D302)*('[20]LS (Deteksi) Agustus'!$D$7:$D$303=$D302),0))} -> 0 | AB302: =IFERROR(AA302/W302*100,0) -> 0
A303: LS II | B303: III | C303: X | D303: G26 | E303: 26.53 | F303: GAMBUT DALAM | G303: 3723 | H303: =IF(N303>0,N303,V303) -> 46249 | I303: =IF(O303>0,O303,W303) -> 58 | J303: =IF(P303>0,P303," ") -> 1.5578834 | K303: =IF(Q303>0,Q303,X303) -> 3 | L303: =IFERROR(K303/I303*100,0) -> 5.1724138 | M303: {=IF(L303>5,"Perlu Sensus",IF(AND(L303>=0,I303>0),"Tetap Deteksi","Belum Deteksi"))} -> Perlu Sensus | N303: 46249 | O303: {=INDEX('[21]DETEKSI ROT 2 (2)'!$G$343:$G$622,MATCH(1,('[21]DETEKSI ROT 2 (2)'!$D$343:$D$622=$D303)*('[21]DETEKSI ROT 2 (2)'!$D$343:$D$622=$D303),0))} -> 58 | P303: {=IFERROR(O303/G303*100,0)} -> 1.5578834 | Q303: {=INDEX('[21]DETEKSI ROT 2 (2)'!$I$343:$I$622,MATCH(1,('[21]DETEKSI ROT 2 (2)'!$D$343:$D$622=$D303)*('[21]DETEKSI ROT 2 (2)'!$D$343:$D$622=$D303),0))} -> 3 | R303: =IFERROR(Q303/O303*100,0) -> 5.1724138 | S303: {=IF(R303>5,"Perlu Sensus",IF(AND(R303>=0,O303>0),"Tetap Deteksi","Belum Deteksi"))} -> Perlu Sensus | U303: =IFERROR(T303/O303*100,0) -> 0 | V303: 46249 | W303: {=INDEX('[21]DETEKSI ROT 2 (2)'!$L$343:$L$622,MATCH(1,('[21]DETEKSI ROT 2 (2)'!$D$343:$D$622=$D303)*('[21]DETEKSI ROT 2 (2)'!$D$343:$D$622=$D303),0))} -> 21 | X303: {=INDEX('[21]DETEKSI ROT 2 (2)'!$M$343:$M$622,MATCH(1,('[21]DETEKSI ROT 2 (2)'!$D$343:$D$622=$D303)*('[21]DETEKSI ROT 2 (2)'!$D$343:$D$622=$D303),0))} -> 2 | Y303: =IFERROR(X303/W303*100,0) -> 9.5238095 | Z303: {=IF(Y303>5,"Perlu Sensus",IF(AND(Y303>0,,O303>0),"Tetap Deteksi","Belum Deteksi"))} -> Perlu Sensus | AB303: =IFERROR(AA303/W303*100,0) -> 0
A304: LS II | B304: III | C304: X | D304: G27 | E304: 30.25 | F304: GAMBUT DALAM | G304: 4313 | H304: =IF(N304>0,N304,V304) -> 46249 | I304: =IF(O304>0,O304,W304) -> 38 | J304: =IF(P304>0,P304," ") -> 0.88105727 | K304: =IF(Q304>0,Q304,X304) -> 2 | L304: =IFERROR(K304/I304*100,0) -> 5.2631579 | M304: {=IF(L304>5,"Perlu Sensus",IF(AND(L304>=0,I304>0),"Tetap Deteksi","Belum Deteksi"))} -> Perlu Sensus | N304: 46249 | O304: {=INDEX('[21]DETEKSI ROT 2 (2)'!$G$343:$G$622,MATCH(1,('[21]DETEKSI ROT 2 (2)'!$D$343:$D$622=$D304)*('[21]DETEKSI ROT 2 (2)'!$D$343:$D$622=$D304),0))} -> 38 | P304: {=IFERROR(O304/G304*100,0)} -> 0.88105727 | Q304: {=INDEX('[21]DETEKSI ROT 2 (2)'!$I$343:$I$622,MATCH(1,('[21]DETEKSI ROT 2 (2)'!$D$343:$D$622=$D304)*('[21]DETEKSI ROT 2 (2)'!$D$343:$D$622=$D304),0))} -> 2 | R304: =IFERROR(Q304/O304*100,0) -> 5.2631579 | S304: {=IF(R304>5,"Perlu Sensus",IF(AND(R304>=0,O304>0),"Tetap Deteksi","Belum Deteksi"))} -> Perlu Sensus | U304: =IFERROR(T304/O304*100,0) -> 0 | V304: 46249 | W304: {=INDEX('[21]DETEKSI ROT 2 (2)'!$L$343:$L$622,MATCH(1,('[21]DETEKSI ROT 2 (2)'!$D$343:$D$622=$D304)*('[21]DETEKSI ROT 2 (2)'!$D$343:$D$622=$D304),0))} -> 58 | X304: {=INDEX('[21]DETEKSI ROT 2 (2)'!$M$343:$M$622,MATCH(1,('[21]DETEKSI ROT 2 (2)'!$D$343:$D$622=$D304)*('[21]DETEKSI ROT 2 (2)'!$D$343:$D$622=$D304),0))} -> 3 | Y304: =IFERROR(X304/W304*100,0) -> 5.1724138 | Z304: {=IF(Y304>5,"Perlu Sensus",IF(AND(Y304>0,,O304>0),"Tetap Deteksi","Belum Deteksi"))} -> Perlu Sensus | AB304: =IFERROR(AA304/W304*100,0) -> 0
A305: LS II | B305: III | C305: X | D305: G28 | E305: 26.27 | F305: GAMBUT DALAM | G305: 3648 | H305: =IF(N305>0,N305,V305) -> 46249 | I305: =IF(O305>0,O305,W305) -> 98 | J305: =IF(P305>0,P305," ") -> 2.6864035 | K305: =IF(Q305>0,Q305,X305) -> 3 | L305: =IFERROR(K305/I305*100,0) -> 3.0612245 | M305: {=IF(L305>5,"Perlu Sensus",IF(AND(L305>=0,I305>0),"Tetap Deteksi","Belum Deteksi"))} -> Tetap Deteksi | N305: 46249 | O305: {=INDEX('[21]DETEKSI ROT 2 (2)'!$G$343:$G$622,MATCH(1,('[21]DETEKSI ROT 2 (2)'!$D$343:$D$622=$D305)*('[21]DETEKSI ROT 2 (2)'!$D$343:$D$622=$D305),0))} -> 98 | P305: {=IFERROR(O305/G305*100,0)} -> 2.6864035 | Q305: {=INDEX('[21]DETEKSI ROT 2 (2)'!$I$343:$I$622,MATCH(1,('[21]DETEKSI ROT 2 (2)'!$D$343:$D$622=$D305)*('[21]DETEKSI ROT 2 (2)'!$D$343:$D$622=$D305),0))} -> 3 | R305: =IFERROR(Q305/O305*100,0) -> 3.0612245 | S305: {=IF(R305>5,"Perlu Sensus",IF(AND(R305>=0,O305>0),"Tetap Deteksi","Belum Deteksi"))} -> Tetap Deteksi | U305: =IFERROR(T305/O305*100,0) -> 0 | V305: 46249 | W305: {=INDEX('[21]DETEKSI ROT 2 (2)'!$L$343:$L$622,MATCH(1,('[21]DETEKSI ROT 2 (2)'!$D$343:$D$622=$D305)*('[21]DETEKSI ROT 2 (2)'!$D$343:$D$622=$D305),0))} -> 75 | X305: {=INDEX('[21]DETEKSI ROT 2 (2)'!$M$343:$M$622,MATCH(1,('[21]DETEKSI ROT 2 (2)'!$D$343:$D$622=$D305)*('[21]DETEKSI ROT 2 (2)'!$D$343:$D$622=$D305),0))} -> 2 | Y305: =IFERROR(X305/W305*100,0) -> 2.6666667 | Z305: {=IF(Y305>5,"Perlu Sensus",IF(AND(Y305>0,,O305>0),"Tetap Deteksi","Belum Deteksi"))} -> Belum Deteksi | AB305: =IFERROR(AA305/W305*100,0) -> 0
A306: LS II | B306: III | C306: X | D306: G29 | E306: 22.02 | F306: GAMBUT DALAM | G306: 3323 | H306: =IF(N306>0,N306,V306) -> 46249 | I306: =IF(O306>0,O306,W306) -> 101 | J306: =IF(P306>0,P306," ") -> 3.0394222 | K306: =IF(Q306>0,Q306,X306) -> 3 | L306: =IFERROR(K306/I306*100,0) -> 2.970297 | M306: {=IF(L306>5,"Perlu Sensus",IF(AND(L306>=0,I306>0),"Tetap Deteksi","Belum Deteksi"))} -> Tetap Deteksi | N306: 46249 | O306: {=INDEX('[21]DETEKSI ROT 2 (2)'!$G$343:$G$622,MATCH(1,('[21]DETEKSI ROT 2 (2)'!$D$343:$D$622=$D306)*('[21]DETEKSI ROT 2 (2)'!$D$343:$D$622=$D306),0))} -> 101 | P306: {=IFERROR(O306/G306*100,0)} -> 3.0394222 | Q306: {=INDEX('[21]DETEKSI ROT 2 (2)'!$I$343:$I$622,MATCH(1,('[21]DETEKSI ROT 2 (2)'!$D$343:$D$622=$D306)*('[21]DETEKSI ROT 2 (2)'!$D$343:$D$622=$D306),0))} -> 3 | R306: =IFERROR(Q306/O306*100,0) -> 2.970297 | S306: {=IF(R306>5,"Perlu Sensus",IF(AND(R306>=0,O306>0),"Tetap Deteksi","Belum Deteksi"))} -> Tetap Deteksi | U306: =IFERROR(T306/O306*100,0) -> 0 | V306: 46249 | W306: {=INDEX('[21]DETEKSI ROT 2 (2)'!$L$343:$L$622,MATCH(1,('[21]DETEKSI ROT 2 (2)'!$D$343:$D$622=$D306)*('[21]DETEKSI ROT 2 (2)'!$D$343:$D$622=$D306),0))} -> 58 | X306: {=INDEX('[21]DETEKSI ROT 2 (2)'!$M$343:$M$622,MATCH(1,('[21]DETEKSI ROT 2 (2)'!$D$343:$D$622=$D306)*('[21]DETEKSI ROT 2 (2)'!$D$343:$D$622=$D306),0))} -> 3 | Y306: =IFERROR(X306/W306*100,0) -> 5.1724138 | Z306: {=IF(Y306>5,"Perlu Sensus",IF(AND(Y306>0,,O306>0),"Tetap Deteksi","Belum Deteksi"))} -> Perlu Sensus | AB306: =IFERROR(AA306/W306*100,0) -> 0
A307: LS II | B307: III | C307: X | D307: G30 | E307: 31.42 | F307: GAMBUT DALAM | G307: 4288 | H307: =IF(N307>0,N307,V307) -> 46249 | I307: =IF(O307>0,O307,W307) -> 78 | J307: =IF(P307>0,P307," ") -> 1.8190299 | K307: =IF(Q307>0,Q307,X307) -> 2 | L307: =IFERROR(K307/I307*100,0) -> 2.5641026 | M307: {=IF(L307>5,"Perlu Sensus",IF(AND(L307>=0,I307>0),"Tetap Deteksi","Belum Deteksi"))} -> Tetap Deteksi | N307: 46249 | O307: {=INDEX('[21]DETEKSI ROT 2 (2)'!$G$343:$G$622,MATCH(1,('[21]DETEKSI ROT 2 (2)'!$D$343:$D$622=$D307)*('[21]DETEKSI ROT 2 (2)'!$D$343:$D$622=$D307),0))} -> 78 | P307: {=IFERROR(O307/G307*100,0)} -> 1.8190299 | Q307: {=INDEX('[21]DETEKSI ROT 2 (2)'!$I$343:$I$622,MATCH(1,('[21]DETEKSI ROT 2 (2)'!$D$343:$D$622=$D307)*('[21]DETEKSI ROT 2 (2)'!$D$343:$D$622=$D307),0))} -> 2 | R307: =IFERROR(Q307/O307*100,0) -> 2.5641026 | S307: {=IF(R307>5,"Perlu Sensus",IF(AND(R307>=0,O307>0),"Tetap Deteksi","Belum Deteksi"))} -> Tetap Deteksi | U307: =IFERROR(T307/O307*100,0) -> 0 | V307: 46249 | W307: {=INDEX('[21]DETEKSI ROT 2 (2)'!$L$343:$L$622,MATCH(1,('[21]DETEKSI ROT 2 (2)'!$D$343:$D$622=$D307)*('[21]DETEKSI ROT 2 (2)'!$D$343:$D$622=$D307),0))} -> 56 | X307: {=INDEX('[21]DETEKSI ROT 2 (2)'!$M$343:$M$622,MATCH(1,('[21]DETEKSI ROT 2 (2)'!$D$343:$D$622=$D307)*('[21]DETEKSI ROT 2 (2)'!$D$343:$D$622=$D307),0))} -> 3 | Y307: =IFERROR(X307/W307*100,0) -> 5.3571429 | Z307: {=IF(Y307>5,"Perlu Sensus",IF(AND(Y307>0,,O307>0),"Tetap Deteksi","Belum Deteksi"))} -> Perlu Sensus | AB307: =IFERROR(AA307/W307*100,0) -> 0
A308: LS II | B308: III | C308: X | D308: G31 | E308: 28.03 | F308: GAMBUT DALAM | G308: 3871 | H308: =IF(N308>0,N308,V308) -> 46249 | I308: =IF(O308>0,O308,W308) -> 94 | J308: =IF(P308>0,P308," ") -> 2.4283131 | K308: =IF(Q308>0,Q308,X308) -> 3 | L308: =IFERROR(K308/I308*100,0) -> 3.1914894 | M308: {=IF(L308>5,"Perlu Sensus",IF(AND(L308>=0,I308>0),"Tetap Deteksi","Belum Deteksi"))} -> Tetap Deteksi | N308: 46249 | O308: {=INDEX('[21]DETEKSI ROT 2 (2)'!$G$343:$G$622,MATCH(1,('[21]DETEKSI ROT 2 (2)'!$D$343:$D$622=$D308)*('[21]DETEKSI ROT 2 (2)'!$D$343:$D$622=$D308),0))} -> 94 | P308: {=IFERROR(O308/G308*100,0)} -> 2.4283131 | Q308: {=INDEX('[21]DETEKSI ROT 2 (2)'!$I$343:$I$622,MATCH(1,('[21]DETEKSI ROT 2 (2)'!$D$343:$D$622=$D308)*('[21]DETEKSI ROT 2 (2)'!$D$343:$D$622=$D308),0))} -> 3 | R308: =IFERROR(Q308/O308*100,0) -> 3.1914894 | S308: {=IF(R308>5,"Perlu Sensus",IF(AND(R308>=0,O308>0),"Tetap Deteksi","Belum Deteksi"))} -> Tetap Deteksi | U308: =IFERROR(T308/O308*100,0) -> 0 | V308: 46249 | W308: {=INDEX('[21]DETEKSI ROT 2 (2)'!$L$343:$L$622,MATCH(1,('[21]DETEKSI ROT 2 (2)'!$D$343:$D$622=$D308)*('[21]DETEKSI ROT 2 (2)'!$D$343:$D$622=$D308),0))} -> 54 | X308: {=INDEX('[21]DETEKSI ROT 2 (2)'!$M$343:$M$622,MATCH(1,('[21]DETEKSI ROT 2 (2)'!$D$343:$D$622=$D308)*('[21]DETEKSI ROT 2 (2)'!$D$343:$D$622=$D308),0))} -> 2 | Y308: =IFERROR(X308/W308*100,0) -> 3.7037037 | Z308: {=IF(Y308>5,"Perlu Sensus",IF(AND(Y308>0,,O308>0),"Tetap Deteksi","Belum Deteksi"))} -> Belum Deteksi | AB308: =IFERROR(AA308/W308*100,0) -> 0
A309: LS II | B309: III | C309: X | D309: G32 | E309: 24.05 | F309: GAMBUT DALAM | G309: 3414 | H309: =IF(N309>0,N309,V309) -> 46249 | I309: =IF(O309>0,O309,W309) -> 101 | J309: =IF(P309>0,P309," ") -> 2.9584066 | K309: =IF(Q309>0,Q309,X309) -> 4 | L309: =IFERROR(K309/I309*100,0) -> 3.960396 | M309: {=IF(L309>5,"Perlu Sensus",IF(AND(L309>=0,I309>0),"Tetap Deteksi","Belum Deteksi"))} -> Tetap Deteksi | N309: 46249 | O309: {=INDEX('[21]DETEKSI ROT 2 (2)'!$G$343:$G$622,MATCH(1,('[21]DETEKSI ROT 2 (2)'!$D$343:$D$622=$D309)*('[21]DETEKSI ROT 2 (2)'!$D$343:$D$622=$D309),0))} -> 101 | P309: {=IFERROR(O309/G309*100,0)} -> 2.9584066 | Q309: {=INDEX('[21]DETEKSI ROT 2 (2)'!$I$343:$I$622,MATCH(1,('[21]DETEKSI ROT 2 (2)'!$D$343:$D$622=$D309)*('[21]DETEKSI ROT 2 (2)'!$D$343:$D$622=$D309),0))} -> 4 | R309: =IFERROR(Q309/O309*100,0) -> 3.960396 | S309: {=IF(R309>5,"Perlu Sensus",IF(AND(R309>=0,O309>0),"Tetap Deteksi","Belum Deteksi"))} -> Tetap Deteksi | U309: =IFERROR(T309/O309*100,0) -> 0 | V309: 46249 | W309: {=INDEX('[21]DETEKSI ROT 2 (2)'!$L$343:$L$622,MATCH(1,('[21]DETEKSI ROT 2 (2)'!$D$343:$D$622=$D309)*('[21]DETEKSI ROT 2 (2)'!$D$343:$D$622=$D309),0))} -> 49 | X309: {=INDEX('[21]DETEKSI ROT 2 (2)'!$M$343:$M$622,MATCH(1,('[21]DETEKSI ROT 2 (2)'!$D$343:$D$622=$D309)*('[21]DETEKSI ROT 2 (2)'!$D$343:$D$622=$D309),0))} -> 1 | Y309: =IFERROR(X309/W309*100,0) -> 2.0408163 | Z309: {=IF(Y309>5,"Perlu Sensus",IF(AND(Y309>0,,O309>0),"Tetap Deteksi","Belum Deteksi"))} -> Belum Deteksi | AB309: =IFERROR(AA309/W309*100,0) -> 0
A310: LS II | B310: III | C310: X | D310: G33 | E310: 27.03 | F310: GAMBUT DALAM | G310: 3972 | H310: =IF(N310>0,N310,V310) -> 46249 | I310: =IF(O310>0,O310,W310) -> 167 | J310: =IF(P310>0,P310," ") -> 4.204431 | K310: =IF(Q310>0,Q310,X310) -> 5 | L310: =IFERROR(K310/I310*100,0) -> 2.994012 | M310: {=IF(L310>5,"Perlu Sensus",IF(AND(L310>=0,I310>0),"Tetap Deteksi","Belum Deteksi"))} -> Tetap Deteksi | N310: 46249 | O310: {=INDEX('[21]DETEKSI ROT 2 (2)'!$G$343:$G$622,MATCH(1,('[21]DETEKSI ROT 2 (2)'!$D$343:$D$622=$D310)*('[21]DETEKSI ROT 2 (2)'!$D$343:$D$622=$D310),0))} -> 167 | P310: {=IFERROR(O310/G310*100,0)} -> 4.204431 | Q310: {=INDEX('[21]DETEKSI ROT 2 (2)'!$I$343:$I$622,MATCH(1,('[21]DETEKSI ROT 2 (2)'!$D$343:$D$622=$D310)*('[21]DETEKSI ROT 2 (2)'!$D$343:$D$622=$D310),0))} -> 5 | R310: =IFERROR(Q310/O310*100,0) -> 2.994012 | S310: {=IF(R310>5,"Perlu Sensus",IF(AND(R310>=0,O310>0),"Tetap Deteksi","Belum Deteksi"))} -> Tetap Deteksi | U310: =IFERROR(T310/O310*100,0) -> 0 | V310: 46249 | W310: {=INDEX('[21]DETEKSI ROT 2 (2)'!$L$343:$L$622,MATCH(1,('[21]DETEKSI ROT 2 (2)'!$D$343:$D$622=$D310)*('[21]DETEKSI ROT 2 (2)'!$D$343:$D$622=$D310),0))} -> 58 | X310: {=INDEX('[21]DETEKSI ROT 2 (2)'!$M$343:$M$622,MATCH(1,('[21]DETEKSI ROT 2 (2)'!$D$343:$D$622=$D310)*('[21]DETEKSI ROT 2 (2)'!$D$343:$D$622=$D310),0))} -> 2 | Y310: =IFERROR(X310/W310*100,0) -> 3.4482759 | Z310: {=IF(Y310>5,"Perlu Sensus",IF(AND(Y310>0,,O310>0),"Tetap Deteksi","Belum Deteksi"))} -> Belum Deteksi | AB310: =IFERROR(AA310/W310*100,0) -> 0
A311: LS II | B311: III | C311: X | D311: G34 | E311: 23.99 | F311: GAMBUT DALAM | G311: 2647 | H311: =IF(N311>0,N311,V311) -> 46249 | I311: =IF(O311>0,O311,W311) -> 110 | J311: =IF(P311>0,P311," ") -> 4.1556479 | K311: =IF(Q311>0,Q311,X311) -> 3 | L311: =IFERROR(K311/I311*100,0) -> 2.7272727 | M311: {=IF(L311>5,"Perlu Sensus",IF(AND(L311>=0,I311>0),"Tetap Deteksi","Belum Deteksi"))} -> Tetap Deteksi | N311: 46249 | O311: {=INDEX('[21]DETEKSI ROT 2 (2)'!$G$343:$G$622,MATCH(1,('[21]DETEKSI ROT 2 (2)'!$D$343:$D$622=$D311)*('[21]DETEKSI ROT 2 (2)'!$D$343:$D$622=$D311),0))} -> 110 | P311: {=IFERROR(O311/G311*100,0)} -> 4.1556479 | Q311: {=INDEX('[21]DETEKSI ROT 2 (2)'!$I$343:$I$622,MATCH(1,('[21]DETEKSI ROT 2 (2)'!$D$343:$D$622=$D311)*('[21]DETEKSI ROT 2 (2)'!$D$343:$D$622=$D311),0))} -> 3 | R311: =IFERROR(Q311/O311*100,0) -> 2.7272727 | S311: {=IF(R311>5,"Perlu Sensus",IF(AND(R311>=0,O311>0),"Tetap Deteksi","Belum Deteksi"))} -> Tetap Deteksi | U311: =IFERROR(T311/O311*100,0) -> 0 | V311: 46249 | W311: {=INDEX('[21]DETEKSI ROT 2 (2)'!$L$343:$L$622,MATCH(1,('[21]DETEKSI ROT 2 (2)'!$D$343:$D$622=$D311)*('[21]DETEKSI ROT 2 (2)'!$D$343:$D$622=$D311),0))} -> 76 | X311: {=INDEX('[21]DETEKSI ROT 2 (2)'!$M$343:$M$622,MATCH(1,('[21]DETEKSI ROT 2 (2)'!$D$343:$D$622=$D311)*('[21]DETEKSI ROT 2 (2)'!$D$343:$D$622=$D311),0))} -> 3 | Y311: =IFERROR(X311/W311*100,0) -> 3.9473684 | Z311: {=IF(Y311>5,"Perlu Sensus",IF(AND(Y311>0,,O311>0),"Tetap Deteksi","Belum Deteksi"))} -> Belum Deteksi | AB311: =IFERROR(AA311/W311*100,0) -> 0
A312: LS II | B312: III | C312: X | D312: G35 | E312: 32.92 | F312: GAMBUT DALAM | G312: 3952 | H312: =IF(N312>0,N312,V312) -> 46249 | I312: =IF(O312>0,O312,W312) -> 1127 | J312: =IF(P312>0,P312," ") -> 28.517206 | K312: =IF(Q312>0,Q312,X312) -> 3 | L312: =IFERROR(K312/I312*100,0) -> 0.26619343 | M312: {=IF(L312>5,"Perlu Sensus",IF(AND(L312>=0,I312>0),"Tetap Deteksi","Belum Deteksi"))} -> Tetap Deteksi | N312: 46249 | O312: {=INDEX('[21]DETEKSI ROT 2 (2)'!$G$343:$G$622,MATCH(1,('[21]DETEKSI ROT 2 (2)'!$D$343:$D$622=$D312)*('[21]DETEKSI ROT 2 (2)'!$D$343:$D$622=$D312),0))} -> 1127 | P312: {=IFERROR(O312/G312*100,0)} -> 28.517206 | Q312: {=INDEX('[21]DETEKSI ROT 2 (2)'!$I$343:$I$622,MATCH(1,('[21]DETEKSI ROT 2 (2)'!$D$343:$D$622=$D312)*('[21]DETEKSI ROT 2 (2)'!$D$343:$D$622=$D312),0))} -> 3 | R312: =IFERROR(Q312/O312*100,0) -> 0.26619343 | S312: {=IF(R312>5,"Perlu Sensus",IF(AND(R312>=0,O312>0),"Tetap Deteksi","Belum Deteksi"))} -> Tetap Deteksi | U312: =IFERROR(T312/O312*100,0) -> 0 | V312: 46249 | W312: {=INDEX('[21]DETEKSI ROT 2 (2)'!$L$343:$L$622,MATCH(1,('[21]DETEKSI ROT 2 (2)'!$D$343:$D$622=$D312)*('[21]DETEKSI ROT 2 (2)'!$D$343:$D$622=$D312),0))} -> 45 | X312: {=INDEX('[21]DETEKSI ROT 2 (2)'!$M$343:$M$622,MATCH(1,('[21]DETEKSI ROT 2 (2)'!$D$343:$D$622=$D312)*('[21]DETEKSI ROT 2 (2)'!$D$343:$D$622=$D312),0))} -> 3 | Y312: =IFERROR(X312/W312*100,0) -> 6.6666667 | Z312: {=IF(Y312>5,"Perlu Sensus",IF(AND(Y312>0,,O312>0),"Tetap Deteksi","Belum Deteksi"))} -> Perlu Sensus | AB312: =IFERROR(AA312/W312*100,0) -> 0
A313: LS II | B313: III | C313: X | D313: H25 | E313: 26.19 | F313: GAMBUT DALAM | G313: 3420 | H313: =IF(N313>0,N313,V313) -> 46249 | I313: =IF(O313>0,O313,W313) -> 95 | J313: =IF(P313>0,P313," ") -> 2.7777778 | K313: =IF(Q313>0,Q313,X313) -> 3 | L313: =IFERROR(K313/I313*100,0) -> 3.1578947 | M313: {=IF(L313>5,"Perlu Sensus",IF(AND(L313>=0,I313>0),"Tetap Deteksi","Belum Deteksi"))} -> Tetap Deteksi | N313: 46249 | O313: {=INDEX('[21]DETEKSI ROT 2 (2)'!$G$343:$G$622,MATCH(1,('[21]DETEKSI ROT 2 (2)'!$D$343:$D$622=$D313)*('[21]DETEKSI ROT 2 (2)'!$D$343:$D$622=$D313),0))} -> 95 | P313: {=IFERROR(O313/G313*100,0)} -> 2.7777778 | Q313: {=INDEX('[21]DETEKSI ROT 2 (2)'!$I$343:$I$622,MATCH(1,('[21]DETEKSI ROT 2 (2)'!$D$343:$D$622=$D313)*('[21]DETEKSI ROT 2 (2)'!$D$343:$D$622=$D313),0))} -> 3 | R313: =IFERROR(Q313/O313*100,0) -> 3.1578947 | S313: {=IF(R313>5,"Perlu Sensus",IF(AND(R313>=0,O313>0),"Tetap Deteksi","Belum Deteksi"))} -> Tetap Deteksi | U313: =IFERROR(T313/O313*100,0) -> 0 | V313: 46249 | W313: {=INDEX('[21]DETEKSI ROT 2 (2)'!$L$343:$L$622,MATCH(1,('[21]DETEKSI ROT 2 (2)'!$D$343:$D$622=$D313)*('[21]DETEKSI ROT 2 (2)'!$D$343:$D$622=$D313),0))} -> 78 | X313: {=INDEX('[21]DETEKSI ROT 2 (2)'!$M$343:$M$622,MATCH(1,('[21]DETEKSI ROT 2 (2)'!$D$343:$D$622=$D313)*('[21]DETEKSI ROT 2 (2)'!$D$343:$D$622=$D313),0))} -> 4 | Y313: =IFERROR(X313/W313*100,0) -> 5.1282051 | Z313: {=IF(Y313>5,"Perlu Sensus",IF(AND(Y313>0,,O313>0),"Tetap Deteksi","Belum Deteksi"))} -> Perlu Sensus | AB313: =IFERROR(AA313/W313*100,0) -> 0
A314: LS II | B314: III | C314: X | D314: H26 | E314: 28.47 | F314: GAMBUT DALAM | G314: 3913 | H314: =IF(N314>0,N314,V314) -> 46249 | I314: =IF(O314>0,O314,W314) -> 110 | J314: =IF(P314>0,P314," ") -> 2.8111423 | K314: =IF(Q314>0,Q314,X314) -> 2 | L314: =IFERROR(K314/I314*100,0) -> 1.8181818 | M314: {=IF(L314>5,"Perlu Sensus",IF(AND(L314>=0,I314>0),"Tetap Deteksi","Belum Deteksi"))} -> Tetap Deteksi | N314: 46249 | O314: {=INDEX('[21]DETEKSI ROT 2 (2)'!$G$343:$G$622,MATCH(1,('[21]DETEKSI ROT 2 (2)'!$D$343:$D$622=$D314)*('[21]DETEKSI ROT 2 (2)'!$D$343:$D$622=$D314),0))} -> 110 | P314: {=IFERROR(O314/G314*100,0)} -> 2.8111423 | Q314: {=INDEX('[21]DETEKSI ROT 2 (2)'!$I$343:$I$622,MATCH(1,('[21]DETEKSI ROT 2 (2)'!$D$343:$D$622=$D314)*('[21]DETEKSI ROT 2 (2)'!$D$343:$D$622=$D314),0))} -> 2 | R314: =IFERROR(Q314/O314*100,0) -> 1.8181818 | S314: {=IF(R314>5,"Perlu Sensus",IF(AND(R314>=0,O314>0),"Tetap Deteksi","Belum Deteksi"))} -> Tetap Deteksi | U314: =IFERROR(T314/O314*100,0) -> 0 | V314: 46249 | W314: {=INDEX('[21]DETEKSI ROT 2 (2)'!$L$343:$L$622,MATCH(1,('[21]DETEKSI ROT 2 (2)'!$D$343:$D$622=$D314)*('[21]DETEKSI ROT 2 (2)'!$D$343:$D$622=$D314),0))} -> 57 | X314: {=INDEX('[21]DETEKSI ROT 2 (2)'!$M$343:$M$622,MATCH(1,('[21]DETEKSI ROT 2 (2)'!$D$343:$D$622=$D314)*('[21]DETEKSI ROT 2 (2)'!$D$343:$D$622=$D314),0))} -> 3 | Y314: =IFERROR(X314/W314*100,0) -> 5.2631579 | Z314: {=IF(Y314>5,"Perlu Sensus",IF(AND(Y314>0,,O314>0),"Tetap Deteksi","Belum Deteksi"))} -> Perlu Sensus | AB314: =IFERROR(AA314/W314*100,0) -> 0
... A571: LS II | B571: IV | C571: XVIII | D571: S53 | E571: 29.63 | F571: PASIR | G571: 4301 | H571: =IF(N571>0,N571,V571) -> 46249 | I571: =IF(O571>0,O571,W571) -> 427 | J571: =IF(P571>0,P571," ") -> 9.9279237 | K571: =IF(Q571>0,Q571,X571) -> 21 | L571: =IFERROR(K571/I571*100,0) -> 4.9180328 | M571: {=IF(L571>5,"Perlu Sensus",IF(AND(L571>=0,I571>0),"Tetap Deteksi","Belum Deteksi"))} -> Tetap Deteksi | N571: 46249 | O571: {=INDEX('[21]DETEKSI ROT 2 (2)'!$G$343:$G$622,MATCH(1,('[21]DETEKSI ROT 2 (2)'!$D$343:$D$622=$D571)*('[21]DETEKSI ROT 2 (2)'!$D$343:$D$622=$D571),0))} -> 427 | P571: {=IFERROR(O571/G571*100,0)} -> 9.9279237 | Q571: {=INDEX('[21]DETEKSI ROT 2 (2)'!$I$343:$I$622,MATCH(1,('[21]DETEKSI ROT 2 (2)'!$D$343:$D$622=$D571)*('[21]DETEKSI ROT 2 (2)'!$D$343:$D$622=$D571),0))} -> 21 | R571: =IFERROR(Q571/O571*100,0) -> 4.9180328 | S571: {=IF(R571>5,"Perlu Sensus",IF(AND(R571>=0,O571>0),"Tetap Deteksi","Belum Deteksi"))} -> Tetap Deteksi | U571: =IFERROR(T571/O571*100,0) -> 0 | V571: 46249 | W571: {=INDEX('[21]DETEKSI ROT 2 (2)'!$L$343:$L$622,MATCH(1,('[21]DETEKSI ROT 2 (2)'!$D$343:$D$622=$D571)*('[21]DETEKSI ROT 2 (2)'!$D$343:$D$622=$D571),0))} -> 66 | X571: {=INDEX('[21]DETEKSI ROT 2 (2)'!$M$343:$M$622,MATCH(1,('[21]DETEKSI ROT 2 (2)'!$D$343:$D$622=$D571)*('[21]DETEKSI ROT 2 (2)'!$D$343:$D$622=$D571),0))} -> 3 | Y571: =IFERROR(X571/W571*100,0) -> 4.5454545 | Z571: {=IF(Y571>5,"Perlu Sensus",IF(AND(Y571>0,,O571>0),"Tetap Deteksi","Belum Deteksi"))} -> Belum Deteksi | AB571: =IFERROR(AA571/W571*100,0) -> 0
A572: LS II | B572: IV | C572: XVIII | D572: S54 | E572: 40.52 | F572: PASIR | G572: 6156 | H572: =IF(N572>0,N572,V572) -> 46249 | I572: =IF(O572>0,O572,W572) -> 586 | J572: =IF(P572>0,P572," ") -> 9.5191683 | K572: =IF(Q572>0,Q572,X572) -> 1e-07 | L572: =IFERROR(K572/I572*100,0) -> 1.7064846e-08 | M572: {=IF(L572>5,"Perlu Sensus",IF(AND(L572>=0,I572>0),"Tetap Deteksi","Belum Deteksi"))} -> Tetap Deteksi | N572: 46249 | O572: {=INDEX('[21]DETEKSI ROT 2 (2)'!$G$343:$G$622,MATCH(1,('[21]DETEKSI ROT 2 (2)'!$D$343:$D$622=$D572)*('[21]DETEKSI ROT 2 (2)'!$D$343:$D$622=$D572),0))} -> 586 | P572: {=IFERROR(O572/G572*100,0)} -> 9.5191683 | Q572: 1e-07 | R572: =IFERROR(Q572/O572*100,0) -> 1.7064846e-08 | S572: {=IF(R572>5,"Perlu Sensus",IF(AND(R572>=0,O572>0),"Tetap Deteksi","Belum Deteksi"))} -> Tetap Deteksi | U572: =IFERROR(T572/O572*100,0) -> 0 | V572: 46249 | W572: {=INDEX('[21]DETEKSI ROT 2 (2)'!$L$343:$L$622,MATCH(1,('[21]DETEKSI ROT 2 (2)'!$D$343:$D$622=$D572)*('[21]DETEKSI ROT 2 (2)'!$D$343:$D$622=$D572),0))} -> 42 | X572: {=INDEX('[21]DETEKSI ROT 2 (2)'!$M$343:$M$622,MATCH(1,('[21]DETEKSI ROT 2 (2)'!$D$343:$D$622=$D572)*('[21]DETEKSI ROT 2 (2)'!$D$343:$D$622=$D572),0))} -> 2 | Y572: =IFERROR(X572/W572*100,0) -> 4.7619048 | Z572: {=IF(Y572>5,"Perlu Sensus",IF(AND(Y572>0,,O572>0),"Tetap Deteksi","Belum Deteksi"))} -> Belum Deteksi | AB572: =IFERROR(AA572/W572*100,0) -> 0
A573: LS II | B573: IV | C573: XVIII | D573: S55 | E573: 23 | F573: PASIR | G573: 3151 | H573: =IF(N573>0,N573,V573) -> 46249 | I573: =IF(O573>0,O573,W573) -> 349 | J573: =IF(P573>0,P573," ") -> 11.075849 | K573: =IF(Q573>0,Q573,X573) -> 9 | L573: =IFERROR(K573/I573*100,0) -> 2.5787966 | M573: {=IF(L573>5,"Perlu Sensus",IF(AND(L573>=0,I573>0),"Tetap Deteksi","Belum Deteksi"))} -> Tetap Deteksi | N573: 46249 | O573: {=INDEX('[21]DETEKSI ROT 2 (2)'!$G$343:$G$622,MATCH(1,('[21]DETEKSI ROT 2 (2)'!$D$343:$D$622=$D573)*('[21]DETEKSI ROT 2 (2)'!$D$343:$D$622=$D573),0))} -> 349 | P573: {=IFERROR(O573/G573*100,0)} -> 11.075849 | Q573: {=INDEX('[21]DETEKSI ROT 2 (2)'!$I$343:$I$622,MATCH(1,('[21]DETEKSI ROT 2 (2)'!$D$343:$D$622=$D573)*('[21]DETEKSI ROT 2 (2)'!$D$343:$D$622=$D573),0))} -> 9 | R573: =IFERROR(Q573/O573*100,0) -> 2.5787966 | S573: {=IF(R573>5,"Perlu Sensus",IF(AND(R573>=0,O573>0),"Tetap Deteksi","Belum Deteksi"))} -> Tetap Deteksi | U573: =IFERROR(T573/O573*100,0) -> 0 | V573: 46249 | W573: {=INDEX('[21]DETEKSI ROT 2 (2)'!$L$343:$L$622,MATCH(1,('[21]DETEKSI ROT 2 (2)'!$D$343:$D$622=$D573)*('[21]DETEKSI ROT 2 (2)'!$D$343:$D$622=$D573),0))} -> 220 | X573: {=INDEX('[21]DETEKSI ROT 2 (2)'!$M$343:$M$622,MATCH(1,('[21]DETEKSI ROT 2 (2)'!$D$343:$D$622=$D573)*('[21]DETEKSI ROT 2 (2)'!$D$343:$D$622=$D573),0))} -> 6 | Y573: =IFERROR(X573/W573*100,0) -> 2.7272727 | Z573: {=IF(Y573>5,"Perlu Sensus",IF(AND(Y573>0,,O573>0),"Tetap Deteksi","Belum Deteksi"))} -> Belum Deteksi | AB573: =IFERROR(AA573/W573*100,0) -> 0
A574: LS II | B574: IV | C574: XVIII | D574: S56 | E574: 38.49 | F574: PASIR | G574: 5672 | H574: =IF(N574>0,N574,V574) -> 46249 | I574: =IF(O574>0,O574,W574) -> 326 | J574: =IF(P574>0,P574," ") -> 5.7475317 | K574: =IF(Q574>0,Q574,X574) -> 16 | L574: =IFERROR(K574/I574*100,0) -> 4.9079755 | M574: {=IF(L574>5,"Perlu Sensus",IF(AND(L574>=0,I574>0),"Tetap Deteksi","Belum Deteksi"))} -> Tetap Deteksi | N574: 46249 | O574: {=INDEX('[21]DETEKSI ROT 2 (2)'!$G$343:$G$622,MATCH(1,('[21]DETEKSI ROT 2 (2)'!$D$343:$D$622=$D574)*('[21]DETEKSI ROT 2 (2)'!$D$343:$D$622=$D574),0))} -> 326 | P574: {=IFERROR(O574/G574*100,0)} -> 5.7475317 | Q574: {=INDEX('[21]DETEKSI ROT 2 (2)'!$I$343:$I$622,MATCH(1,('[21]DETEKSI ROT 2 (2)'!$D$343:$D$622=$D574)*('[21]DETEKSI ROT 2 (2)'!$D$343:$D$622=$D574),0))} -> 16 | R574: =IFERROR(Q574/O574*100,0) -> 4.9079755 | S574: {=IF(R574>5,"Perlu Sensus",IF(AND(R574>=0,O574>0),"Tetap Deteksi","Belum Deteksi"))} -> Tetap Deteksi | U574: =IFERROR(T574/O574*100,0) -> 0 | V574: 46249 | W574: {=INDEX('[21]DETEKSI ROT 2 (2)'!$L$343:$L$622,MATCH(1,('[21]DETEKSI ROT 2 (2)'!$D$343:$D$622=$D574)*('[21]DETEKSI ROT 2 (2)'!$D$343:$D$622=$D574),0))} -> 71 | X574: {=INDEX('[21]DETEKSI ROT 2 (2)'!$M$343:$M$622,MATCH(1,('[21]DETEKSI ROT 2 (2)'!$D$343:$D$622=$D574)*('[21]DETEKSI ROT 2 (2)'!$D$343:$D$622=$D574),0))} -> 2 | Y574: =IFERROR(X574/W574*100,0) -> 2.8169014 | Z574: {=IF(Y574>5,"Perlu Sensus",IF(AND(Y574>0,,O574>0),"Tetap Deteksi","Belum Deteksi"))} -> Belum Deteksi | AB574: =IFERROR(AA574/W574*100,0) -> 0
A575: LS II | B575: IV | C575: XVIII | D575: S57 | E575: 29.58 | F575: PASIR | G575: 4157 | H575: =IF(N575>0,N575,V575) -> 46249 | I575: =IF(O575>0,O575,W575) -> 427 | J575: =IF(P575>0,P575," ") -> 10.271831 | K575: =IF(Q575>0,Q575,X575) -> 8 | L575: =IFERROR(K575/I575*100,0) -> 1.8735363 | M575: {=IF(L575>5,"Perlu Sensus",IF(AND(L575>=0,I575>0),"Tetap Deteksi","Belum Deteksi"))} -> Tetap Deteksi | N575: 46249 | O575: {=INDEX('[21]DETEKSI ROT 2 (2)'!$G$343:$G$622,MATCH(1,('[21]DETEKSI ROT 2 (2)'!$D$343:$D$622=$D575)*('[21]DETEKSI ROT 2 (2)'!$D$343:$D$622=$D575),0))} -> 427 | P575: {=IFERROR(O575/G575*100,0)} -> 10.271831 | Q575: {=INDEX('[21]DETEKSI ROT 2 (2)'!$I$343:$I$622,MATCH(1,('[21]DETEKSI ROT 2 (2)'!$D$343:$D$622=$D575)*('[21]DETEKSI ROT 2 (2)'!$D$343:$D$622=$D575),0))} -> 8 | R575: =IFERROR(Q575/O575*100,0) -> 1.8735363 | S575: {=IF(R575>5,"Perlu Sensus",IF(AND(R575>=0,O575>0),"Tetap Deteksi","Belum Deteksi"))} -> Tetap Deteksi | U575: =IFERROR(T575/O575*100,0) -> 0 | V575: 46249 | W575: {=INDEX('[21]DETEKSI ROT 2 (2)'!$L$343:$L$622,MATCH(1,('[21]DETEKSI ROT 2 (2)'!$D$343:$D$622=$D575)*('[21]DETEKSI ROT 2 (2)'!$D$343:$D$622=$D575),0))} -> 95 | X575: {=INDEX('[21]DETEKSI ROT 2 (2)'!$M$343:$M$622,MATCH(1,('[21]DETEKSI ROT 2 (2)'!$D$343:$D$622=$D575)*('[21]DETEKSI ROT 2 (2)'!$D$343:$D$622=$D575),0))} -> 3 | Y575: =IFERROR(X575/W575*100,0) -> 3.1578947 | Z575: {=IF(Y575>5,"Perlu Sensus",IF(AND(Y575>0,,O575>0),"Tetap Deteksi","Belum Deteksi"))} -> Belum Deteksi | AB575: =IFERROR(AA575/W575*100,0) -> 0
A576: LS II | B576: IV | C576: XVIII | D576: S58 | E576: 36.05 | F576: PASIR | G576: 5251 | H576: =IF(N576>0,N576,V576) -> 46249 | I576: =IF(O576>0,O576,W576) -> 484 | J576: =IF(P576>0,P576," ") -> 9.2172919 | K576: =IF(Q576>0,Q576,X576) -> 15 | L576: =IFERROR(K576/I576*100,0) -> 3.0991736 | M576: {=IF(L576>5,"Perlu Sensus",IF(AND(L576>=0,I576>0),"Tetap Deteksi","Belum Deteksi"))} -> Tetap Deteksi | N576: 46249 | O576: {=INDEX('[21]DETEKSI ROT 2 (2)'!$G$343:$G$622,MATCH(1,('[21]DETEKSI ROT 2 (2)'!$D$343:$D$622=$D576)*('[21]DETEKSI ROT 2 (2)'!$D$343:$D$622=$D576),0))} -> 484 | P576: {=IFERROR(O576/G576*100,0)} -> 9.2172919 | Q576: {=INDEX('[21]DETEKSI ROT 2 (2)'!$I$343:$I$622,MATCH(1,('[21]DETEKSI ROT 2 (2)'!$D$343:$D$622=$D576)*('[21]DETEKSI ROT 2 (2)'!$D$343:$D$622=$D576),0))} -> 15 | R576: =IFERROR(Q576/O576*100,0) -> 3.0991736 | S576: {=IF(R576>5,"Perlu Sensus",IF(AND(R576>=0,O576>0),"Tetap Deteksi","Belum Deteksi"))} -> Tetap Deteksi | U576: =IFERROR(T576/O576*100,0) -> 0 | V576: 46249 | W576: {=INDEX('[21]DETEKSI ROT 2 (2)'!$L$343:$L$622,MATCH(1,('[21]DETEKSI ROT 2 (2)'!$D$343:$D$622=$D576)*('[21]DETEKSI ROT 2 (2)'!$D$343:$D$622=$D576),0))} -> 302 | X576: {=INDEX('[21]DETEKSI ROT 2 (2)'!$M$343:$M$622,MATCH(1,('[21]DETEKSI ROT 2 (2)'!$D$343:$D$622=$D576)*('[21]DETEKSI ROT 2 (2)'!$D$343:$D$622=$D576),0))} -> 7 | Y576: =IFERROR(X576/W576*100,0) -> 2.3178808 | Z576: {=IF(Y576>5,"Perlu Sensus",IF(AND(Y576>0,,O576>0),"Tetap Deteksi","Belum Deteksi"))} -> Belum Deteksi | AB576: =IFERROR(AA576/W576*100,0) -> 0
A577: LS II | B577: IV | C577: XVIII | D577: S59 | E577: 35.11 | F577: PASIR | G577: 4880 | H577: =IF(N577>0,N577,V577) -> 46249 | I577: =IF(O577>0,O577,W577) -> 454 | J577: =IF(P577>0,P577," ") -> 9.3032787 | K577: =IF(Q577>0,Q577,X577) -> 12 | L577: =IFERROR(K577/I577*100,0) -> 2.6431718 | M577: {=IF(L577>5,"Perlu Sensus",IF(AND(L577>=0,I577>0),"Tetap Deteksi","Belum Deteksi"))} -> Tetap Deteksi | N577: 46249 | O577: {=INDEX('[21]DETEKSI ROT 2 (2)'!$G$343:$G$622,MATCH(1,('[21]DETEKSI ROT 2 (2)'!$D$343:$D$622=$D577)*('[21]DETEKSI ROT 2 (2)'!$D$343:$D$622=$D577),0))} -> 454 | P577: {=IFERROR(O577/G577*100,0)} -> 9.3032787 | Q577: {=INDEX('[21]DETEKSI ROT 2 (2)'!$I$343:$I$622,MATCH(1,('[21]DETEKSI ROT 2 (2)'!$D$343:$D$622=$D577)*('[21]DETEKSI ROT 2 (2)'!$D$343:$D$622=$D577),0))} -> 12 | R577: =IFERROR(Q577/O577*100,0) -> 2.6431718 | S577: {=IF(R577>5,"Perlu Sensus",IF(AND(R577>=0,O577>0),"Tetap Deteksi","Belum Deteksi"))} -> Tetap Deteksi | U577: =IFERROR(T577/O577*100,0) -> 0 | V577: 46249 | W577: {=INDEX('[21]DETEKSI ROT 2 (2)'!$L$343:$L$622,MATCH(1,('[21]DETEKSI ROT 2 (2)'!$D$343:$D$622=$D577)*('[21]DETEKSI ROT 2 (2)'!$D$343:$D$622=$D577),0))} -> 132 | X577: {=INDEX('[21]DETEKSI ROT 2 (2)'!$M$343:$M$622,MATCH(1,('[21]DETEKSI ROT 2 (2)'!$D$343:$D$622=$D577)*('[21]DETEKSI ROT 2 (2)'!$D$343:$D$622=$D577),0))} -> 6 | Y577: =IFERROR(X577/W577*100,0) -> 4.5454545 | Z577: {=IF(Y577>5,"Perlu Sensus",IF(AND(Y577>0,,O577>0),"Tetap Deteksi","Belum Deteksi"))} -> Belum Deteksi | AB577: =IFERROR(AA577/W577*100,0) -> 0
A578: LS II | B578: IV | C578: XVIII | D578: S60 | E578: 35.39 | F578: PASIR | G578: 5322 | H578: =IF(N578>0,N578,V578) -> 46249 | I578: =IF(O578>0,O578,W578) -> 476 | J578: =IF(P578>0,P578," ") -> 8.944006 | K578: =IF(Q578>0,Q578,X578) -> 1e-07 | L578: =IFERROR(K578/I578*100,0) -> 2.1008403e-08 | M578: {=IF(L578>5,"Perlu Sensus",IF(AND(L578>=0,I578>0),"Tetap Deteksi","Belum Deteksi"))} -> Tetap Deteksi | N578: 46249 | O578: {=INDEX('[21]DETEKSI ROT 2 (2)'!$G$343:$G$622,MATCH(1,('[21]DETEKSI ROT 2 (2)'!$D$343:$D$622=$D578)*('[21]DETEKSI ROT 2 (2)'!$D$343:$D$622=$D578),0))} -> 476 | P578: {=IFERROR(O578/G578*100,0)} -> 8.944006 | Q578: 1e-07 | R578: =IFERROR(Q578/O578*100,0) -> 2.1008403e-08 | S578: {=IF(R578>5,"Perlu Sensus",IF(AND(R578>=0,O578>0),"Tetap Deteksi","Belum Deteksi"))} -> Tetap Deteksi | U578: =IFERROR(T578/O578*100,0) -> 0 | V578: 46249 | W578: {=INDEX('[21]DETEKSI ROT 2 (2)'!$L$343:$L$622,MATCH(1,('[21]DETEKSI ROT 2 (2)'!$D$343:$D$622=$D578)*('[21]DETEKSI ROT 2 (2)'!$D$343:$D$622=$D578),0))} -> 35 | X578: {=INDEX('[21]DETEKSI ROT 2 (2)'!$M$343:$M$622,MATCH(1,('[21]DETEKSI ROT 2 (2)'!$D$343:$D$622=$D578)*('[21]DETEKSI ROT 2 (2)'!$D$343:$D$622=$D578),0))} -> 1 | Y578: =IFERROR(X578/W578*100,0) -> 2.8571429 | Z578: {=IF(Y578>5,"Perlu Sensus",IF(AND(Y578>0,,O578>0),"Tetap Deteksi","Belum Deteksi"))} -> Belum Deteksi | AB578: =IFERROR(AA578/W578*100,0) -> 0
A579: LS II | B579: IV | C579: XVIII | D579: S61 | E579: 29.34 | F579: PASIR | G579: 3560 | H579: =IF(N579>0,N579,V579) -> 46249 | I579: =IF(O579>0,O579,W579) -> 396 | J579: =IF(P579>0,P579," ") -> 11.123596 | K579: =IF(Q579>0,Q579,X579) -> 1 | L579: =IFERROR(K579/I579*100,0) -> 0.25252525 | M579: {=IF(L579>5,"Perlu Sensus",IF(AND(L579>=0,I579>0),"Tetap Deteksi","Belum Deteksi"))} -> Tetap Deteksi | N579: 46249 | O579: {=INDEX('[21]DETEKSI ROT 2 (2)'!$G$343:$G$622,MATCH(1,('[21]DETEKSI ROT 2 (2)'!$D$343:$D$622=$D579)*('[21]DETEKSI ROT 2 (2)'!$D$343:$D$622=$D579),0))} -> 396 | P579: {=IFERROR(O579/G579*100,0)} -> 11.123596 | Q579: {=INDEX('[21]DETEKSI ROT 2 (2)'!$I$343:$I$622,MATCH(1,('[21]DETEKSI ROT 2 (2)'!$D$343:$D$622=$D579)*('[21]DETEKSI ROT 2 (2)'!$D$343:$D$622=$D579),0))} -> 1 | R579: =IFERROR(Q579/O579*100,0) -> 0.25252525 | S579: {=IF(R579>5,"Perlu Sensus",IF(AND(R579>=0,O579>0),"Tetap Deteksi","Belum Deteksi"))} -> Tetap Deteksi | U579: =IFERROR(T579/O579*100,0) -> 0 | V579: 46249 | W579: {=INDEX('[21]DETEKSI ROT 2 (2)'!$L$343:$L$622,MATCH(1,('[21]DETEKSI ROT 2 (2)'!$D$343:$D$622=$D579)*('[21]DETEKSI ROT 2 (2)'!$D$343:$D$622=$D579),0))} -> 123 | X579: {=INDEX('[21]DETEKSI ROT 2 (2)'!$M$343:$M$622,MATCH(1,('[21]DETEKSI ROT 2 (2)'!$D$343:$D$622=$D579)*('[21]DETEKSI ROT 2 (2)'!$D$343:$D$622=$D579),0))} -> 2 | Y579: =IFERROR(X579/W579*100,0) -> 1.6260163 | Z579: {=IF(Y579>5,"Perlu Sensus",IF(AND(Y579>0,,O579>0),"Tetap Deteksi","Belum Deteksi"))} -> Belum Deteksi | AB579: =IFERROR(AA579/W579*100,0) -> 0
A580: LS II | B580: IV | C580: XVIII | D580: S62 | E580: 25.23 | F580: PASIR | G580: 3204 | H580: =IF(N580>0,N580,V580) -> 46249 | I580: =IF(O580>0,O580,W580) -> 546 | J580: =IF(P580>0,P580," ") -> 17.041199 | K580: =IF(Q580>0,Q580,X580) -> 7 | L580: =IFERROR(K580/I580*100,0) -> 1.2820513 | M580: {=IF(L580>5,"Perlu Sensus",IF(AND(L580>=0,I580>0),"Tetap Deteksi","Belum Deteksi"))} -> Tetap Deteksi | N580: 46249 | O580: {=INDEX('[21]DETEKSI ROT 2 (2)'!$G$343:$G$622,MATCH(1,('[21]DETEKSI ROT 2 (2)'!$D$343:$D$622=$D580)*('[21]DETEKSI ROT 2 (2)'!$D$343:$D$622=$D580),0))} -> 546 | P580: {=IFERROR(O580/G580*100,0)} -> 17.041199 | Q580: {=INDEX('[21]DETEKSI ROT 2 (2)'!$I$343:$I$622,MATCH(1,('[21]DETEKSI ROT 2 (2)'!$D$343:$D$622=$D580)*('[21]DETEKSI ROT 2 (2)'!$D$343:$D$622=$D580),0))} -> 7 | R580: =IFERROR(Q580/O580*100,0) -> 1.2820513 | S580: {=IF(R580>5,"Perlu Sensus",IF(AND(R580>=0,O580>0),"Tetap Deteksi","Belum Deteksi"))} -> Tetap Deteksi | U580: =IFERROR(T580/O580*100,0) -> 0 | V580: 46249 | W580: {=INDEX('[21]DETEKSI ROT 2 (2)'!$L$343:$L$622,MATCH(1,('[21]DETEKSI ROT 2 (2)'!$D$343:$D$622=$D580)*('[21]DETEKSI ROT 2 (2)'!$D$343:$D$622=$D580),0))} -> 40 | X580: {=INDEX('[21]DETEKSI ROT 2 (2)'!$M$343:$M$622,MATCH(1,('[21]DETEKSI ROT 2 (2)'!$D$343:$D$622=$D580)*('[21]DETEKSI ROT 2 (2)'!$D$343:$D$622=$D580),0))} -> 2 | Y580: =IFERROR(X580/W580*100,0) -> 5 | Z580: {=IF(Y580>5,"Perlu Sensus",IF(AND(Y580>0,,O580>0),"Tetap Deteksi","Belum Deteksi"))} -> Belum Deteksi | AB580: =IFERROR(AA580/W580*100,0) -> 0
A581: LS II | B581: IV | C581: XVIII | D581: S63 | E581: 24.99 | F581: PASIR | G581: 3041 | H581: =IF(N581>0,N581,V581) -> 46249 | I581: =IF(O581>0,O581,W581) -> 744 | J581: =IF(P581>0,P581," ") -> 24.465636 | K581: =IF(Q581>0,Q581,X581) -> 22 | L581: =IFERROR(K581/I581*100,0) -> 2.9569892 | M581: {=IF(L581>5,"Perlu Sensus",IF(AND(L581>=0,I581>0),"Tetap Deteksi","Belum Deteksi"))} -> Tetap Deteksi | N581: 46249 | O581: {=INDEX('[21]DETEKSI ROT 2 (2)'!$G$343:$G$622,MATCH(1,('[21]DETEKSI ROT 2 (2)'!$D$343:$D$622=$D581)*('[21]DETEKSI ROT 2 (2)'!$D$343:$D$622=$D581),0))} -> 744 | P581: {=IFERROR(O581/G581*100,0)} -> 24.465636 | Q581: {=INDEX('[21]DETEKSI ROT 2 (2)'!$I$343:$I$622,MATCH(1,('[21]DETEKSI ROT 2 (2)'!$D$343:$D$622=$D581)*('[21]DETEKSI ROT 2 (2)'!$D$343:$D$622=$D581),0))} -> 22 | R581: =IFERROR(Q581/O581*100,0) -> 2.9569892 | S581: {=IF(R581>5,"Perlu Sensus",IF(AND(R581>=0,O581>0),"Tetap Deteksi","Belum Deteksi"))} -> Tetap Deteksi | U581: =IFERROR(T581/O581*100,0) -> 0 | V581: 46249 | W581: {=INDEX('[21]DETEKSI ROT 2 (2)'!$L$343:$L$622,MATCH(1,('[21]DETEKSI ROT 2 (2)'!$D$343:$D$622=$D581)*('[21]DETEKSI ROT 2 (2)'!$D$343:$D$622=$D581),0))} -> 56 | X581: {=INDEX('[21]DETEKSI ROT 2 (2)'!$M$343:$M$622,MATCH(1,('[21]DETEKSI ROT 2 (2)'!$D$343:$D$622=$D581)*('[21]DETEKSI ROT 2 (2)'!$D$343:$D$622=$D581),0))} -> 1 | Y581: =IFERROR(X581/W581*100,0) -> 1.7857143 | Z581: {=IF(Y581>5,"Perlu Sensus",IF(AND(Y581>0,,O581>0),"Tetap Deteksi","Belum Deteksi"))} -> Belum Deteksi | AB581: =IFERROR(AA581/W581*100,0) -> 0
A582: LS II | B582: IV | C582: XVIII | D582: S64 | E582: 26.27 | F582: PASIR | G582: 3549 | H582: =IF(N582>0,N582,V582) -> 46249 | I582: =IF(O582>0,O582,W582) -> 720 | J582: =IF(P582>0,P582," ") -> 20.287405 | K582: =IF(Q582>0,Q582,X582) -> 27 | L582: =IFERROR(K582/I582*100,0) -> 3.75 | M582: {=IF(L582>5,"Perlu Sensus",IF(AND(L582>=0,I582>0),"Tetap Deteksi","Belum Deteksi"))} -> Tetap Deteksi | N582: 46249 | O582: {=INDEX('[21]DETEKSI ROT 2 (2)'!$G$343:$G$622,MATCH(1,('[21]DETEKSI ROT 2 (2)'!$D$343:$D$622=$D582)*('[21]DETEKSI ROT 2 (2)'!$D$343:$D$622=$D582),0))} -> 720 | P582: {=IFERROR(O582/G582*100,0)} -> 20.287405 | Q582: {=INDEX('[21]DETEKSI ROT 2 (2)'!$I$343:$I$622,MATCH(1,('[21]DETEKSI ROT 2 (2)'!$D$343:$D$622=$D582)*('[21]DETEKSI ROT 2 (2)'!$D$343:$D$622=$D582),0))} -> 27 | R582: =IFERROR(Q582/O582*100,0) -> 3.75 | S582: {=IF(R582>5,"Perlu Sensus",IF(AND(R582>=0,O582>0),"Tetap Deteksi","Belum Deteksi"))} -> Tetap Deteksi | U582: =IFERROR(T582/O582*100,0) -> 0 | V582: 46249 | W582: {=INDEX('[21]DETEKSI ROT 2 (2)'!$L$343:$L$622,MATCH(1,('[21]DETEKSI ROT 2 (2)'!$D$343:$D$622=$D582)*('[21]DETEKSI ROT 2 (2)'!$D$343:$D$622=$D582),0))} -> 162 | X582: {=INDEX('[21]DETEKSI ROT 2 (2)'!$M$343:$M$622,MATCH(1,('[21]DETEKSI ROT 2 (2)'!$D$343:$D$622=$D582)*('[21]DETEKSI ROT 2 (2)'!$D$343:$D$622=$D582),0))} -> 8 | Y582: =IFERROR(X582/W582*100,0) -> 4.9382716 | Z582: {=IF(Y582>5,"Perlu Sensus",IF(AND(Y582>0,,O582>0),"Tetap Deteksi","Belum Deteksi"))} -> Belum Deteksi | AB582: =IFERROR(AA582/W582*100,0) -> 0
Y583: =IFERROR(X583/W583*100,0) -> 0 | Z583: {=IF(Y583>5,"Perlu Sensus",IF(AND(Y583>0,,O583>0),"Tetap Deteksi","Belum Deteksi"))} -> Belum Deteksi
Y584: =IFERROR(X584/W584*100,0) -> 0 | Z584: {=IF(Y584>5,"Perlu Sensus",IF(AND(Y584>0,,O584>0),"Tetap Deteksi","Belum Deteksi"))} -> Belum Deteksi
Y585: =IFERROR(X585/W585*100,0) -> 0 | Z585: {=IF(Y585>5,"Perlu Sensus",IF(AND(Y585>0,,O585>0),"Tetap Deteksi","Belum Deteksi"))} -> Belum Deteksi
Y586: =IFERROR(X586/W586*100,0) -> 0 | Z586: {=IF(Y586>5,"Perlu Sensus",IF(AND(Y586>0,,O586>0),"Tetap Deteksi","Belum Deteksi"))} -> Belum Deteksi
Y587: =IFERROR(X587/W587*100,0) -> 0 | Z587: {=IF(Y587>5,"Perlu Sensus",IF(AND(Y587>0,,O587>0),"Tetap Deteksi","Belum Deteksi"))} -> Belum Deteksi
Y588: =IFERROR(X588/W588*100,0) -> 0 | Z588: {=IF(Y588>5,"Perlu Sensus",IF(AND(Y588>0,,O588>0),"Tetap Deteksi","Belum Deteksi"))} -> Belum Deteksi
Y589: =IFERROR(X589/W589*100,0) -> 0 | Z589: {=IF(Y589>5,"Perlu Sensus",IF(AND(Y589>0,,O589>0),"Tetap Deteksi","Belum Deteksi"))} -> Belum Deteksi
Y590: =IFERROR(X590/W590*100,0) -> 0 | Z590: {=IF(Y590>5,"Perlu Sensus",IF(AND(Y590>0,,O590>0),"Tetap Deteksi","Belum Deteksi"))} -> Belum Deteksi
Y591: =IFERROR(X591/W591*100,0) -> 0 | Z591: {=IF(Y591>5,"Perlu Sensus",IF(AND(Y591>0,,O591>0),"Tetap Deteksi","Belum Deteksi"))} -> Belum Deteksi
Y592: =IFERROR(X592/W592*100,0) -> 0 | Z592: {=IF(Y592>5,"Perlu Sensus",IF(AND(Y592>0,,O592>0),"Tetap Deteksi","Belum Deteksi"))} -> Belum Deteksi
Y593: =IFERROR(X593/W593*100,0) -> 0 | Z593: {=IF(Y593>5,"Perlu Sensus",IF(AND(Y593>0,,O593>0),"Tetap Deteksi","Belum Deteksi"))} -> Belum Deteksi
Y594: =IFERROR(X594/W594*100,0) -> 0 | Z594: {=IF(Y594>5,"Perlu Sensus",IF(AND(Y594>0,,O594>0),"Tetap Deteksi","Belum Deteksi"))} -> Belum Deteksi
... Y609: =IFERROR(X609/W609*100,0) -> 0 | Z609: {=IF(Y609>5,"Perlu Sensus",IF(AND(Y609>0,,O609>0),"Tetap Deteksi","Belum Deteksi"))} -> Belum Deteksi

Sheet KALE (Sensus)
A2: Laporan Blok Yang Sudah Dikerjakan dan Blok InProgress
A3: Kebun | B3: Est | C3: Afd | D3: Blok | E3: Luas (Ha) | F3: Jenis Tanah | G3: Total Pokok Produktif | H3: Tanggal Sensus | I3: Pokok Sensus | J3: Pokok Sensus (%) | K3: Pokok Terserang (Baru) | L3: % | M3: Rekomendasi
P4: 100 | Q4: 80 | R4: 60 | S4: 40 | T4: 20
P5: R1 | Q5: R2 | R5: R3 | S5: R4 | T5: R5
A6: KALE | B6: I | C6: I | D6: A10 | E6: 19.8 | F6: GAMBUT | G6: {=INDEX('[23]SENSUS MEI'!$G$9:$G$453,MATCH(1,('[23]SENSUS MEI'!$D$9:$D$453=$D6)*('[23]SENSUS MEI'!$D$9:$D$453=$D6),0))} -> 2655 | H6: {=INDEX('[23]SENSUS MEI'!$J$9:$J$453,MATCH(1,('[23]SENSUS MEI'!$D$9:$D$453=$D6)*('[23]SENSUS MEI'!$D$9:$D$453=$D6),0))} -> 46150 | I6: {=INDEX('[23]SENSUS MEI'!$K$9:$K$453,MATCH(1,('[23]SENSUS MEI'!$D$9:$D$453=$D6)*('[23]SENSUS MEI'!$D$9:$D$453=$D6),0))} -> 150 | J6: {=IFERROR(I6/G6*100,0)} -> 5.6497175 | K6: {=INDEX('[23]SENSUS MEI'!$M$9:$M$453,MATCH(1,('[23]SENSUS MEI'!$D$9:$D$453=$D6)*('[23]SENSUS MEI'!$D$9:$D$453=$D6),0))+INDEX('[23]SENSUS MEI'!$O$9:$O$453,MATCH(1,('[23]SENSUS MEI'!$D$9:$D$453=$D6)*('[23]SENSUS MEI'!$D$9:$D$453=$D6),0))} -> 34 | L6: =IFERROR(K6/I6*100,0) -> 22.666667 | M6: =IF(L6>2,"Perlu Pengendalian",IF(L6>0,"Tidak Perlu Pengendalian","Belum Sensus")) -> Perlu Pengendalian | P6: =G6*4.5/1000 -> 11.9475 | Q6: {=$P6*0.8} -> 9.558 | R6: =$P6*0.6 -> 7.1685 | S6: =$P6*0.4 -> 4.779 | T6: =$P6*0.2 -> 2.3895
A7: KALE | B7: I | C7: I | D7: A11 | E7: 5.32 | F7: GAMBUT | G7: {=INDEX('[23]SENSUS MEI'!$G$9:$G$453,MATCH(1,('[23]SENSUS MEI'!$D$9:$D$453=$D7)*('[23]SENSUS MEI'!$D$9:$D$453=$D7),0))} -> 669 | H7: {=INDEX('[23]SENSUS MEI'!$J$9:$J$453,MATCH(1,('[23]SENSUS MEI'!$D$9:$D$453=$D7)*('[23]SENSUS MEI'!$D$9:$D$453=$D7),0))} -> 46150 | I7: {=INDEX('[23]SENSUS MEI'!$K$9:$K$453,MATCH(1,('[23]SENSUS MEI'!$D$9:$D$453=$D7)*('[23]SENSUS MEI'!$D$9:$D$453=$D7),0))} -> 67 | J7: {=IFERROR(I7/G7*100,0)} -> 10.014948 | K7: {=INDEX('[23]SENSUS MEI'!$M$9:$M$453,MATCH(1,('[23]SENSUS MEI'!$D$9:$D$453=$D7)*('[23]SENSUS MEI'!$D$9:$D$453=$D7),0))+INDEX('[23]SENSUS MEI'!$O$9:$O$453,MATCH(1,('[23]SENSUS MEI'!$D$9:$D$453=$D7)*('[23]SENSUS MEI'!$D$9:$D$453=$D7),0))} -> 13 | L7: =IFERROR(K7/I7*100,0) -> 19.402985 | M7: =IF(L7>2,"Perlu Pengendalian",IF(L7>0,"Tidak Perlu Pengendalian","Belum Sensus")) -> Perlu Pengendalian | P7: =G7*4.5/1000 -> 3.0105 | Q7: {=$P7*0.8} -> 2.4084 | R7: =$P7*0.6 -> 1.8063 | S7: =$P7*0.4 -> 1.2042 | T7: =$P7*0.2 -> 0.6021
A8: KALE | B8: I | C8: I | D8: A12 | E8: 3.16 | F8: GAMBUT | G8: {=INDEX('[23]SENSUS MEI'!$G$9:$G$453,MATCH(1,('[23]SENSUS MEI'!$D$9:$D$453=$D8)*('[23]SENSUS MEI'!$D$9:$D$453=$D8),0))} -> 519 | H8: {=INDEX('[23]SENSUS MEI'!$J$9:$J$453,MATCH(1,('[23]SENSUS MEI'!$D$9:$D$453=$D8)*('[23]SENSUS MEI'!$D$9:$D$453=$D8),0))} -> 46150 | I8: {=INDEX('[23]SENSUS MEI'!$K$9:$K$453,MATCH(1,('[23]SENSUS MEI'!$D$9:$D$453=$D8)*('[23]SENSUS MEI'!$D$9:$D$453=$D8),0))} -> 46 | J8: {=IFERROR(I8/G8*100,0)} -> 8.8631985 | K8: {=INDEX('[23]SENSUS MEI'!$M$9:$M$453,MATCH(1,('[23]SENSUS MEI'!$D$9:$D$453=$D8)*('[23]SENSUS MEI'!$D$9:$D$453=$D8),0))+INDEX('[23]SENSUS MEI'!$O$9:$O$453,MATCH(1,('[23]SENSUS MEI'!$D$9:$D$453=$D8)*('[23]SENSUS MEI'!$D$9:$D$453=$D8),0))} -> 7 | L8: =IFERROR(K8/I8*100,0) -> 15.217391 | M8: =IF(L8>2,"Perlu Pengendalian",IF(L8>0,"Tidak Perlu Pengendalian","Belum Sensus")) -> Perlu Pengendalian | P8: =G8*4.5/1000 -> 2.3355 | Q8: {=$P8*0.8} -> 1.8684 | R8: =$P8*0.6 -> 1.4013 | S8: =$P8*0.4 -> 0.9342 | T8: =$P8*0.2 -> 0.4671
A9: KALE | B9: I | C9: I | D9: B01 | E9: 29.56 | F9: GAMBUT | G9: {=INDEX('[23]SENSUS MEI'!$G$9:$G$453,MATCH(1,('[23]SENSUS MEI'!$D$9:$D$453=$D9)*('[23]SENSUS MEI'!$D$9:$D$453=$D9),0))} -> 3810 | H9: {=INDEX('[23]SENSUS MEI'!$J$9:$J$453,MATCH(1,('[23]SENSUS MEI'!$D$9:$D$453=$D9)*('[23]SENSUS MEI'!$D$9:$D$453=$D9),0))} -> 46155 | I9: {=INDEX('[23]SENSUS MEI'!$K$9:$K$453,MATCH(1,('[23]SENSUS MEI'!$D$9:$D$453=$D9)*('[23]SENSUS MEI'!$D$9:$D$453=$D9),0))} -> 300 | J9: {=IFERROR(I9/G9*100,0)} -> 7.8740157 | K9: {=INDEX('[23]SENSUS MEI'!$M$9:$M$453,MATCH(1,('[23]SENSUS MEI'!$D$9:$D$453=$D9)*('[23]SENSUS MEI'!$D$9:$D$453=$D9),0))+INDEX('[23]SENSUS MEI'!$O$9:$O$453,MATCH(1,('[23]SENSUS MEI'!$D$9:$D$453=$D9)*('[23]SENSUS MEI'!$D$9:$D$453=$D9),0))} -> 18 | L9: =IFERROR(K9/I9*100,0) -> 6 | M9: =IF(L9>2,"Perlu Pengendalian",IF(L9>0,"Tidak Perlu Pengendalian","Belum Sensus")) -> Perlu Pengendalian | P9: =G9*4.5/1000 -> 17.145 | Q9: {=$P9*0.8} -> 13.716 | R9: =$P9*0.6 -> 10.287 | S9: =$P9*0.4 -> 6.858 | T9: =$P9*0.2 -> 3.429
A10: KALE | B10: I | C10: I | D10: B02 | E10: 19.59 | F10: GAMBUT | G10: {=INDEX('[23]SENSUS MEI'!$G$9:$G$453,MATCH(1,('[23]SENSUS MEI'!$D$9:$D$453=$D10)*('[23]SENSUS MEI'!$D$9:$D$453=$D10),0))} -> 2776 | H10: {=INDEX('[23]SENSUS MEI'!$J$9:$J$453,MATCH(1,('[23]SENSUS MEI'!$D$9:$D$453=$D10)*('[23]SENSUS MEI'!$D$9:$D$453=$D10),0))} -> 46154 | I10: {=INDEX('[23]SENSUS MEI'!$K$9:$K$453,MATCH(1,('[23]SENSUS MEI'!$D$9:$D$453=$D10)*('[23]SENSUS MEI'!$D$9:$D$453=$D10),0))} -> 287 | J10: {=IFERROR(I10/G10*100,0)} -> 10.338617 | K10: {=INDEX('[23]SENSUS MEI'!$M$9:$M$453,MATCH(1,('[23]SENSUS MEI'!$D$9:$D$453=$D10)*('[23]SENSUS MEI'!$D$9:$D$453=$D10),0))+INDEX('[23]SENSUS MEI'!$O$9:$O$453,MATCH(1,('[23]SENSUS MEI'!$D$9:$D$453=$D10)*('[23]SENSUS MEI'!$D$9:$D$453=$D10),0))} -> 28 | L10: =IFERROR(K10/I10*100,0) -> 9.7560976 | M10: =IF(L10>2,"Perlu Pengendalian",IF(L10>0,"Tidak Perlu Pengendalian","Belum Sensus")) -> Perlu Pengendalian | P10: =G10*4.5/1000 -> 12.492 | Q10: {=$P10*0.8} -> 9.9936 | R10: =$P10*0.6 -> 7.4952 | S10: =$P10*0.4 -> 4.9968 | T10: =$P10*0.2 -> 2.4984
A11: KALE | B11: I | C11: I | D11: B03 | E11: 38.78 | F11: GAMBUT | G11: {=INDEX('[23]SENSUS MEI'!$G$9:$G$453,MATCH(1,('[23]SENSUS MEI'!$D$9:$D$453=$D11)*('[23]SENSUS MEI'!$D$9:$D$453=$D11),0))} -> 5607 | H11: {=INDEX('[23]SENSUS MEI'!$J$9:$J$453,MATCH(1,('[23]SENSUS MEI'!$D$9:$D$453=$D11)*('[23]SENSUS MEI'!$D$9:$D$453=$D11),0))} -> 46150 | I11: {=INDEX('[23]SENSUS MEI'!$K$9:$K$453,MATCH(1,('[23]SENSUS MEI'!$D$9:$D$453=$D11)*('[23]SENSUS MEI'!$D$9:$D$453=$D11),0))} -> 489 | J11: {=IFERROR(I11/G11*100,0)} -> 8.7212413 | K11: {=INDEX('[23]SENSUS MEI'!$M$9:$M$453,MATCH(1,('[23]SENSUS MEI'!$D$9:$D$453=$D11)*('[23]SENSUS MEI'!$D$9:$D$453=$D11),0))+INDEX('[23]SENSUS MEI'!$O$9:$O$453,MATCH(1,('[23]SENSUS MEI'!$D$9:$D$453=$D11)*('[23]SENSUS MEI'!$D$9:$D$453=$D11),0))} -> 53 | L11: =IFERROR(K11/I11*100,0) -> 10.838446 | M11: =IF(L11>2,"Perlu Pengendalian",IF(L11>0,"Tidak Perlu Pengendalian","Belum Sensus")) -> Perlu Pengendalian | P11: =G11*4.5/1000 -> 25.2315 | Q11: {=$P11*0.8} -> 20.1852 | R11: =$P11*0.6 -> 15.1389 | S11: =$P11*0.4 -> 10.0926 | T11: =$P11*0.2 -> 5.0463
A12: KALE | B12: I | C12: I | D12: B04 | E12: 45.86 | F12: GAMBUT | G12: {=INDEX('[23]SENSUS MEI'!$G$9:$G$453,MATCH(1,('[23]SENSUS MEI'!$D$9:$D$453=$D12)*('[23]SENSUS MEI'!$D$9:$D$453=$D12),0))} -> 6177 | H12: {=INDEX('[23]SENSUS MEI'!$J$9:$J$453,MATCH(1,('[23]SENSUS MEI'!$D$9:$D$453=$D12)*('[23]SENSUS MEI'!$D$9:$D$453=$D12),0))} -> 46151 | I12: {=INDEX('[23]SENSUS MEI'!$K$9:$K$453,MATCH(1,('[23]SENSUS MEI'!$D$9:$D$453=$D12)*('[23]SENSUS MEI'!$D$9:$D$453=$D12),0))} -> 805 | J12: {=IFERROR(I12/G12*100,0)} -> 13.032216 | K12: {=INDEX('[23]SENSUS MEI'!$M$9:$M$453,MATCH(1,('[23]SENSUS MEI'!$D$9:$D$453=$D12)*('[23]SENSUS MEI'!$D$9:$D$453=$D12),0))+INDEX('[23]SENSUS MEI'!$O$9:$O$453,MATCH(1,('[23]SENSUS MEI'!$D$9:$D$453=$D12)*('[23]SENSUS MEI'!$D$9:$D$453=$D12),0))} -> 175 | L12: =IFERROR(K12/I12*100,0) -> 21.73913 | M12: =IF(L12>2,"Perlu Pengendalian",IF(L12>0,"Tidak Perlu Pengendalian","Belum Sensus")) -> Perlu Pengendalian | P12: =G12*4.5/1000 -> 27.7965 | Q12: {=$P12*0.8} -> 22.2372 | R12: =$P12*0.6 -> 16.6779 | S12: =$P12*0.4 -> 11.1186 | T12: =$P12*0.2 -> 5.5593
A13: KALE | B13: I | C13: I | D13: B05 | E13: 44.8 | F13: GAMBUT | G13: {=INDEX('[23]SENSUS MEI'!$G$9:$G$453,MATCH(1,('[23]SENSUS MEI'!$D$9:$D$453=$D13)*('[23]SENSUS MEI'!$D$9:$D$453=$D13),0))} -> 6611 | H13: {=INDEX('[23]SENSUS MEI'!$J$9:$J$453,MATCH(1,('[23]SENSUS MEI'!$D$9:$D$453=$D13)*('[23]SENSUS MEI'!$D$9:$D$453=$D13),0))} -> 46151 | I13: {=INDEX('[23]SENSUS MEI'!$K$9:$K$453,MATCH(1,('[23]SENSUS MEI'!$D$9:$D$453=$D13)*('[23]SENSUS MEI'!$D$9:$D$453=$D13),0))} -> 345 | J13: {=IFERROR(I13/G13*100,0)} -> 5.2185751 | K13: {=INDEX('[23]SENSUS MEI'!$M$9:$M$453,MATCH(1,('[23]SENSUS MEI'!$D$9:$D$453=$D13)*('[23]SENSUS MEI'!$D$9:$D$453=$D13),0))+INDEX('[23]SENSUS MEI'!$O$9:$O$453,MATCH(1,('[23]SENSUS MEI'!$D$9:$D$453=$D13)*('[23]SENSUS MEI'!$D$9:$D$453=$D13),0))} -> 45 | L13: =IFERROR(K13/I13*100,0) -> 13.043478 | M13: =IF(L13>2,"Perlu Pengendalian",IF(L13>0,"Tidak Perlu Pengendalian","Belum Sensus")) -> Perlu Pengendalian | P13: =G13*4.5/1000 -> 29.7495 | Q13: {=$P13*0.8} -> 23.7996 | R13: =$P13*0.6 -> 17.8497 | S13: =$P13*0.4 -> 11.8998 | T13: =$P13*0.2 -> 5.9499
A14: KALE | B14: I | C14: I | D14: B06 | E14: 42.64 | F14: GAMBUT | G14: {=INDEX('[23]SENSUS MEI'!$G$9:$G$453,MATCH(1,('[23]SENSUS MEI'!$D$9:$D$453=$D14)*('[23]SENSUS MEI'!$D$9:$D$453=$D14),0))} -> 5898 | H14: {=INDEX('[23]SENSUS MEI'!$J$9:$J$453,MATCH(1,('[23]SENSUS MEI'!$D$9:$D$453=$D14)*('[23]SENSUS MEI'!$D$9:$D$453=$D14),0))} -> 46151 | I14: {=INDEX('[23]SENSUS MEI'!$K$9:$K$453,MATCH(1,('[23]SENSUS MEI'!$D$9:$D$453=$D14)*('[23]SENSUS MEI'!$D$9:$D$453=$D14),0))} -> 698 | J14: {=IFERROR(I14/G14*100,0)} -> 11.83452 | K14: {=INDEX('[23]SENSUS MEI'!$M$9:$M$453,MATCH(1,('[23]SENSUS MEI'!$D$9:$D$453=$D14)*('[23]SENSUS MEI'!$D$9:$D$453=$D14),0))+INDEX('[23]SENSUS MEI'!$O$9:$O$453,MATCH(1,('[23]SENSUS MEI'!$D$9:$D$453=$D14)*('[23]SENSUS MEI'!$D$9:$D$453=$D14),0))} -> 153 | L14: =IFERROR(K14/I14*100,0) -> 21.919771 | M14: =IF(L14>2,"Perlu Pengendalian",IF(L14>0,"Tidak Perlu Pengendalian","Belum Sensus")) -> Perlu Pengendalian | P14: =G14*4.5/1000 -> 26.541 | Q14: {=$P14*0.8} -> 21.2328 | R14: =$P14*0.6 -> 15.9246 | S14: =$P14*0.4 -> 10.6164 | T14: =$P14*0.2 -> 5.3082
A15: KALE | B15: I | C15: I | D15: B07 | E15: 55.17 | F15: GAMBUT | G15: {=INDEX('[23]SENSUS MEI'!$G$9:$G$453,MATCH(1,('[23]SENSUS MEI'!$D$9:$D$453=$D15)*('[23]SENSUS MEI'!$D$9:$D$453=$D15),0))} -> 6728 | H15: {=INDEX('[23]SENSUS MEI'!$J$9:$J$453,MATCH(1,('[23]SENSUS MEI'!$D$9:$D$453=$D15)*('[23]SENSUS MEI'!$D$9:$D$453=$D15),0))} -> 46151 | I15: {=INDEX('[23]SENSUS MEI'!$K$9:$K$453,MATCH(1,('[23]SENSUS MEI'!$D$9:$D$453=$D15)*('[23]SENSUS MEI'!$D$9:$D$453=$D15),0))} -> 562 | J15: {=IFERROR(I15/G15*100,0)} -> 8.353151 | K15: {=INDEX('[23]SENSUS MEI'!$M$9:$M$453,MATCH(1,('[23]SENSUS MEI'!$D$9:$D$453=$D15)*('[23]SENSUS MEI'!$D$9:$D$453=$D15),0))+INDEX('[23]SENSUS MEI'!$O$9:$O$453,MATCH(1,('[23]SENSUS MEI'!$D$9:$D$453=$D15)*('[23]SENSUS MEI'!$D$9:$D$453=$D15),0))} -> 50 | L15: =IFERROR(K15/I15*100,0) -> 8.8967972 | M15: =IF(L15>2,"Perlu Pengendalian",IF(L15>0,"Tidak Perlu Pengendalian","Belum Sensus")) -> Perlu Pengendalian | P15: =G15*4.5/1000 -> 30.276 | Q15: {=$P15*0.8} -> 24.2208 | R15: =$P15*0.6 -> 18.1656 | S15: =$P15*0.4 -> 12.1104 | T15: =$P15*0.2 -> 6.0552
A16: KALE | B16: I | C16: I | D16: B08 | E16: 42.96 | F16: GAMBUT | G16: {=INDEX('[23]SENSUS MEI'!$G$9:$G$453,MATCH(1,('[23]SENSUS MEI'!$D$9:$D$453=$D16)*('[23]SENSUS MEI'!$D$9:$D$453=$D16),0))} -> 6522 | H16: {=INDEX('[23]SENSUS MEI'!$J$9:$J$453,MATCH(1,('[23]SENSUS MEI'!$D$9:$D$453=$D16)*('[23]SENSUS MEI'!$D$9:$D$453=$D16),0))} -> 46150 | I16: {=INDEX('[23]SENSUS MEI'!$K$9:$K$453,MATCH(1,('[23]SENSUS MEI'!$D$9:$D$453=$D16)*('[23]SENSUS MEI'!$D$9:$D$453=$D16),0))} -> 321 | J16: {=IFERROR(I16/G16*100,0)} -> 4.9218031 | K16: {=INDEX('[23]SENSUS MEI'!$M$9:$M$453,MATCH(1,('[23]SENSUS MEI'!$D$9:$D$453=$D16)*('[23]SENSUS MEI'!$D$9:$D$453=$D16),0))+INDEX('[23]SENSUS MEI'!$O$9:$O$453,MATCH(1,('[23]SENSUS MEI'!$D$9:$D$453=$D16)*('[23]SENSUS MEI'!$D$9:$D$453=$D16),0))} -> 115 | L16: =IFERROR(K16/I16*100,0) -> 35.825545 | M16: =IF(L16>2,"Perlu Pengendalian",IF(L16>0,"Tidak Perlu Pengendalian","Belum Sensus")) -> Perlu Pengendalian | P16: =G16*4.5/1000 -> 29.349 | Q16: {=$P16*0.8} -> 23.4792 | R16: =$P16*0.6 -> 17.6094 | S16: =$P16*0.4 -> 11.7396 | T16: =$P16*0.2 -> 5.8698
A17: KALE | B17: I | C17: I | D17: B09 | E17: 54.63 | F17: GAMBUT | G17: {=INDEX('[23]SENSUS MEI'!$G$9:$G$453,MATCH(1,('[23]SENSUS MEI'!$D$9:$D$453=$D17)*('[23]SENSUS MEI'!$D$9:$D$453=$D17),0))} -> 7989 | H17: {=INDEX('[23]SENSUS MEI'!$J$9:$J$453,MATCH(1,('[23]SENSUS MEI'!$D$9:$D$453=$D17)*('[23]SENSUS MEI'!$D$9:$D$453=$D17),0))} -> 46150 | I17: {=INDEX('[23]SENSUS MEI'!$K$9:$K$453,MATCH(1,('[23]SENSUS MEI'!$D$9:$D$453=$D17)*('[23]SENSUS MEI'!$D$9:$D$453=$D17),0))} -> 858 | J17: {=IFERROR(I17/G17*100,0)} -> 10.739767 | K17: {=INDEX('[23]SENSUS MEI'!$M$9:$M$453,MATCH(1,('[23]SENSUS MEI'!$D$9:$D$453=$D17)*('[23]SENSUS MEI'!$D$9:$D$453=$D17),0))+INDEX('[23]SENSUS MEI'!$O$9:$O$453,MATCH(1,('[23]SENSUS MEI'!$D$9:$D$453=$D17)*('[23]SENSUS MEI'!$D$9:$D$453=$D17),0))} -> 143 | L17: =IFERROR(K17/I17*100,0) -> 16.666667 | M17: =IF(L17>2,"Perlu Pengendalian",IF(L17>0,"Tidak Perlu Pengendalian","Belum Sensus")) -> Perlu Pengendalian | P17: =G17*4.5/1000 -> 35.9505 | Q17: {=$P17*0.8} -> 28.7604 | R17: =$P17*0.6 -> 21.5703 | S17: =$P17*0.4 -> 14.3802 | T17: =$P17*0.2 -> 7.1901
... A223: KALE | B223: II | C223: VII | D223: F59 | E223: 2.59 | F223: GAMBUT | G223: {=INDEX('[23]SENSUS MEI'!$G$9:$G$453,MATCH(1,('[23]SENSUS MEI'!$D$9:$D$453=$D223)*('[23]SENSUS MEI'!$D$9:$D$453=$D223),0))} -> 376 | H223: {=INDEX('[23]SENSUS MEI'!$J$9:$J$453,MATCH(1,('[23]SENSUS MEI'!$D$9:$D$453=$D223)*('[23]SENSUS MEI'!$D$9:$D$453=$D223),0))} -> 46153 | I223: {=INDEX('[23]SENSUS MEI'!$K$9:$K$453,MATCH(1,('[23]SENSUS MEI'!$D$9:$D$453=$D223)*('[23]SENSUS MEI'!$D$9:$D$453=$D223),0))} -> 45 | J223: {=IFERROR(I223/G223*100,0)} -> 11.968085 | K223: {=INDEX('[23]SENSUS MEI'!$M$9:$M$453,MATCH(1,('[23]SENSUS MEI'!$D$9:$D$453=$D223)*('[23]SENSUS MEI'!$D$9:$D$453=$D223),0))+INDEX('[23]SENSUS MEI'!$O$9:$O$453,MATCH(1,('[23]SENSUS MEI'!$D$9:$D$453=$D223)*('[23]SENSUS MEI'!$D$9:$D$453=$D223),0))} -> 7 | L223: =IFERROR(K223/I223*100,0) -> 15.555556 | M223: =IF(L223>2,"Perlu Pengendalian",IF(L223>0,"Tidak Perlu Pengendalian","Belum Sensus")) -> Perlu Pengendalian | P223: =G223*4.5/1000 -> 1.692 | Q223: {=$P223*0.8} -> 1.3536 | R223: =$P223*0.6 -> 1.0152 | S223: =$P223*0.4 -> 0.6768 | T223: =$P223*0.2 -> 0.3384
A224: KALE | B224: II | C224: VIII | D224: G46 | E224: 1.51 | F224: MINERAL | G224: {=INDEX('[23]SENSUS MEI'!$G$9:$G$453,MATCH(1,('[23]SENSUS MEI'!$D$9:$D$453=$D224)*('[23]SENSUS MEI'!$D$9:$D$453=$D224),0))} -> 227 | H224: {=INDEX('[23]SENSUS MEI'!$J$9:$J$453,MATCH(1,('[23]SENSUS MEI'!$D$9:$D$453=$D224)*('[23]SENSUS MEI'!$D$9:$D$453=$D224),0))} -> 46149 | I224: {=INDEX('[23]SENSUS MEI'!$K$9:$K$453,MATCH(1,('[23]SENSUS MEI'!$D$9:$D$453=$D224)*('[23]SENSUS MEI'!$D$9:$D$453=$D224),0))} -> 16 | J224: {=IFERROR(I224/G224*100,0)} -> 7.0484581 | K224: {=INDEX('[23]SENSUS MEI'!$M$9:$M$453,MATCH(1,('[23]SENSUS MEI'!$D$9:$D$453=$D224)*('[23]SENSUS MEI'!$D$9:$D$453=$D224),0))+INDEX('[23]SENSUS MEI'!$O$9:$O$453,MATCH(1,('[23]SENSUS MEI'!$D$9:$D$453=$D224)*('[23]SENSUS MEI'!$D$9:$D$453=$D224),0))} -> 7 | L224: =IFERROR(K224/I224*100,0) -> 43.75 | M224: =IF(L224>2,"Perlu Pengendalian",IF(L224>0,"Tidak Perlu Pengendalian","Belum Sensus")) -> Perlu Pengendalian | O224: {=INDEX('[23]SENSUS MEI'!$Q$237:$Q$267,MATCH(1,('[23]SENSUS MEI'!$D$237:$D$267=$D224)*('[23]SENSUS MEI'!$D$237:$D$267=$D224),0))} -> 7 | P224: =G224*4.5/1000 -> 1.0215 | Q224: {=$P224*0.8} -> 0.8172 | R224: =$P224*0.6 -> 0.6129 | S224: =$P224*0.4 -> 0.4086 | T224: =$P224*0.2 -> 0.2043
A225: KALE | B225: II | C225: VIII | D225: G47 | E225: 17.55 | F225: MINERAL | G225: {=INDEX('[23]SENSUS MEI'!$G$9:$G$453,MATCH(1,('[23]SENSUS MEI'!$D$9:$D$453=$D225)*('[23]SENSUS MEI'!$D$9:$D$453=$D225),0))} -> 2390 | H225: {=INDEX('[23]SENSUS MEI'!$J$9:$J$453,MATCH(1,('[23]SENSUS MEI'!$D$9:$D$453=$D225)*('[23]SENSUS MEI'!$D$9:$D$453=$D225),0))} -> 46149 | I225: {=INDEX('[23]SENSUS MEI'!$K$9:$K$453,MATCH(1,('[23]SENSUS MEI'!$D$9:$D$453=$D225)*('[23]SENSUS MEI'!$D$9:$D$453=$D225),0))} -> 222 | J225: {=IFERROR(I225/G225*100,0)} -> 9.2887029 | K225: {=INDEX('[23]SENSUS MEI'!$M$9:$M$453,MATCH(1,('[23]SENSUS MEI'!$D$9:$D$453=$D225)*('[23]SENSUS MEI'!$D$9:$D$453=$D225),0))+INDEX('[23]SENSUS MEI'!$O$9:$O$453,MATCH(1,('[23]SENSUS MEI'!$D$9:$D$453=$D225)*('[23]SENSUS MEI'!$D$9:$D$453=$D225),0))} -> 77 | L225: =IFERROR(K225/I225*100,0) -> 34.684685 | M225: =IF(L225>2,"Perlu Pengendalian",IF(L225>0,"Tidak Perlu Pengendalian","Belum Sensus")) -> Perlu Pengendalian | O225: {=INDEX('[23]SENSUS MEI'!$Q$237:$Q$267,MATCH(1,('[23]SENSUS MEI'!$D$237:$D$267=$D225)*('[23]SENSUS MEI'!$D$237:$D$267=$D225),0))} -> 77 | P225: =G225*4.5/1000 -> 10.755 | Q225: {=$P225*0.8} -> 8.604 | R225: =$P225*0.6 -> 6.453 | S225: =$P225*0.4 -> 4.302 | T225: =$P225*0.2 -> 2.151
A226: KALE | B226: II | C226: VIII | D226: G48 | E226: 25.56 | F226: MINERAL | G226: {=INDEX('[23]SENSUS MEI'!$G$9:$G$453,MATCH(1,('[23]SENSUS MEI'!$D$9:$D$453=$D226)*('[23]SENSUS MEI'!$D$9:$D$453=$D226),0))} -> 3446 | H226: {=INDEX('[23]SENSUS MEI'!$J$9:$J$453,MATCH(1,('[23]SENSUS MEI'!$D$9:$D$453=$D226)*('[23]SENSUS MEI'!$D$9:$D$453=$D226),0))} -> 46149 | I226: {=INDEX('[23]SENSUS MEI'!$K$9:$K$453,MATCH(1,('[23]SENSUS MEI'!$D$9:$D$453=$D226)*('[23]SENSUS MEI'!$D$9:$D$453=$D226),0))} -> 289 | J226: {=IFERROR(I226/G226*100,0)} -> 8.3865351 | K226: {=INDEX('[23]SENSUS MEI'!$M$9:$M$453,MATCH(1,('[23]SENSUS MEI'!$D$9:$D$453=$D226)*('[23]SENSUS MEI'!$D$9:$D$453=$D226),0))+INDEX('[23]SENSUS MEI'!$O$9:$O$453,MATCH(1,('[23]SENSUS MEI'!$D$9:$D$453=$D226)*('[23]SENSUS MEI'!$D$9:$D$453=$D226),0))} -> 266 | L226: =IFERROR(K226/I226*100,0) -> 92.041522 | M226: =IF(L226>2,"Perlu Pengendalian",IF(L226>0,"Tidak Perlu Pengendalian","Belum Sensus")) -> Perlu Pengendalian | O226: {=INDEX('[23]SENSUS MEI'!$Q$237:$Q$267,MATCH(1,('[23]SENSUS MEI'!$D$237:$D$267=$D226)*('[23]SENSUS MEI'!$D$237:$D$267=$D226),0))} -> 266 | P226: =G226*4.5/1000 -> 15.507 | Q226: {=$P226*0.8} -> 12.4056 | R226: =$P226*0.6 -> 9.3042 | S226: =$P226*0.4 -> 6.2028 | T226: =$P226*0.2 -> 3.1014
A227: KALE | B227: II | C227: VIII | D227: G49 | E227: 17.55 | F227: MINERAL | G227: {=INDEX('[23]SENSUS MEI'!$G$9:$G$453,MATCH(1,('[23]SENSUS MEI'!$D$9:$D$453=$D227)*('[23]SENSUS MEI'!$D$9:$D$453=$D227),0))} -> 2927 | H227: {=INDEX('[23]SENSUS MEI'!$J$9:$J$453,MATCH(1,('[23]SENSUS MEI'!$D$9:$D$453=$D227)*('[23]SENSUS MEI'!$D$9:$D$453=$D227),0))} -> 46151 | I227: {=INDEX('[23]SENSUS MEI'!$K$9:$K$453,MATCH(1,('[23]SENSUS MEI'!$D$9:$D$453=$D227)*('[23]SENSUS MEI'!$D$9:$D$453=$D227),0))} -> 242 | J227: {=IFERROR(I227/G227*100,0)} -> 8.267851 | K227: {=INDEX('[23]SENSUS MEI'!$M$9:$M$453,MATCH(1,('[23]SENSUS MEI'!$D$9:$D$453=$D227)*('[23]SENSUS MEI'!$D$9:$D$453=$D227),0))+INDEX('[23]SENSUS MEI'!$O$9:$O$453,MATCH(1,('[23]SENSUS MEI'!$D$9:$D$453=$D227)*('[23]SENSUS MEI'!$D$9:$D$453=$D227),0))} -> 114 | L227: =IFERROR(K227/I227*100,0) -> 47.107438 | M227: =IF(L227>2,"Perlu Pengendalian",IF(L227>0,"Tidak Perlu Pengendalian","Belum Sensus")) -> Perlu Pengendalian | O227: {=INDEX('[23]SENSUS MEI'!$Q$237:$Q$267,MATCH(1,('[23]SENSUS MEI'!$D$237:$D$267=$D227)*('[23]SENSUS MEI'!$D$237:$D$267=$D227),0))} -> 114 | P227: =G227*4.5/1000 -> 13.1715 | Q227: {=$P227*0.8} -> 10.5372 | R227: =$P227*0.6 -> 7.9029 | S227: =$P227*0.4 -> 5.2686 | T227: =$P227*0.2 -> 2.6343
A228: KALE | B228: II | C228: VIII | D228: G50 | E228: 10.67 | F228: MINERAL | G228: {=INDEX('[23]SENSUS MEI'!$G$9:$G$453,MATCH(1,('[23]SENSUS MEI'!$D$9:$D$453=$D228)*('[23]SENSUS MEI'!$D$9:$D$453=$D228),0))} -> 1651 | H228: {=INDEX('[23]SENSUS MEI'!$J$9:$J$453,MATCH(1,('[23]SENSUS MEI'!$D$9:$D$453=$D228)*('[23]SENSUS MEI'!$D$9:$D$453=$D228),0))} -> 46151 | I228: {=INDEX('[23]SENSUS MEI'!$K$9:$K$453,MATCH(1,('[23]SENSUS MEI'!$D$9:$D$453=$D228)*('[23]SENSUS MEI'!$D$9:$D$453=$D228),0))} -> 163 | J228: {=IFERROR(I228/G228*100,0)} -> 9.8728044 | K228: {=INDEX('[23]SENSUS MEI'!$M$9:$M$453,MATCH(1,('[23]SENSUS MEI'!$D$9:$D$453=$D228)*('[23]SENSUS MEI'!$D$9:$D$453=$D228),0))+INDEX('[23]SENSUS MEI'!$O$9:$O$453,MATCH(1,('[23]SENSUS MEI'!$D$9:$D$453=$D228)*('[23]SENSUS MEI'!$D$9:$D$453=$D228),0))} -> 55 | L228: =IFERROR(K228/I228*100,0) -> 33.742331 | M228: =IF(L228>2,"Perlu Pengendalian",IF(L228>0,"Tidak Perlu Pengendalian","Belum Sensus")) -> Perlu Pengendalian | O228: {=INDEX('[23]SENSUS MEI'!$Q$237:$Q$267,MATCH(1,('[23]SENSUS MEI'!$D$237:$D$267=$D228)*('[23]SENSUS MEI'!$D$237:$D$267=$D228),0))} -> 55 | P228: =G228*4.5/1000 -> 7.4295 | Q228: {=$P228*0.8} -> 5.9436 | R228: =$P228*0.6 -> 4.4577 | S228: =$P228*0.4 -> 2.9718 | T228: =$P228*0.2 -> 1.4859
A229: KALE | B229: II | C229: VIII | D229: G51 | E229: 6.95 | F229: MINERAL | G229: {=INDEX('[23]SENSUS MEI'!$G$9:$G$453,MATCH(1,('[23]SENSUS MEI'!$D$9:$D$453=$D229)*('[23]SENSUS MEI'!$D$9:$D$453=$D229),0))} -> 980 | H229: {=INDEX('[23]SENSUS MEI'!$J$9:$J$453,MATCH(1,('[23]SENSUS MEI'!$D$9:$D$453=$D229)*('[23]SENSUS MEI'!$D$9:$D$453=$D229),0))} -> 46154 | I229: {=INDEX('[23]SENSUS MEI'!$K$9:$K$453,MATCH(1,('[23]SENSUS MEI'!$D$9:$D$453=$D229)*('[23]SENSUS MEI'!$D$9:$D$453=$D229),0))} -> 119 | J229: {=IFERROR(I229/G229*100,0)} -> 12.142857 | K229: {=INDEX('[23]SENSUS MEI'!$M$9:$M$453,MATCH(1,('[23]SENSUS MEI'!$D$9:$D$453=$D229)*('[23]SENSUS MEI'!$D$9:$D$453=$D229),0))+INDEX('[23]SENSUS MEI'!$O$9:$O$453,MATCH(1,('[23]SENSUS MEI'!$D$9:$D$453=$D229)*('[23]SENSUS MEI'!$D$9:$D$453=$D229),0))} -> 21 | L229: =IFERROR(K229/I229*100,0) -> 17.647059 | M229: =IF(L229>2,"Perlu Pengendalian",IF(L229>0,"Tidak Perlu Pengendalian","Belum Sensus")) -> Perlu Pengendalian | O229: {=INDEX('[23]SENSUS MEI'!$Q$237:$Q$267,MATCH(1,('[23]SENSUS MEI'!$D$237:$D$267=$D229)*('[23]SENSUS MEI'!$D$237:$D$267=$D229),0))} -> 21 | P229: =G229*4.5/1000 -> 4.41 | Q229: {=$P229*0.8} -> 3.528 | R229: =$P229*0.6 -> 2.646 | S229: =$P229*0.4 -> 1.764 | T229: =$P229*0.2 -> 0.882
A230: KALE | B230: II | C230: VIII | D230: D44 | E230: 7.75 | F230: MINERAL | G230: {=INDEX('[23]SENSUS MEI'!$G$9:$G$453,MATCH(1,('[23]SENSUS MEI'!$D$9:$D$453=$D230)*('[23]SENSUS MEI'!$D$9:$D$453=$D230),0))} -> 877 | H230: {=INDEX('[23]SENSUS MEI'!$J$9:$J$453,MATCH(1,('[23]SENSUS MEI'!$D$9:$D$453=$D230)*('[23]SENSUS MEI'!$D$9:$D$453=$D230),0))} -> 46151 | I230: {=INDEX('[23]SENSUS MEI'!$K$9:$K$453,MATCH(1,('[23]SENSUS MEI'!$D$9:$D$453=$D230)*('[23]SENSUS MEI'!$D$9:$D$453=$D230),0))} -> 76 | J230: {=IFERROR(I230/G230*100,0)} -> 8.6659065 | K230: {=INDEX('[23]SENSUS MEI'!$M$9:$M$453,MATCH(1,('[23]SENSUS MEI'!$D$9:$D$453=$D230)*('[23]SENSUS MEI'!$D$9:$D$453=$D230),0))+INDEX('[23]SENSUS MEI'!$O$9:$O$453,MATCH(1,('[23]SENSUS MEI'!$D$9:$D$453=$D230)*('[23]SENSUS MEI'!$D$9:$D$453=$D230),0))} -> 14 | L230: =IFERROR(K230/I230*100,0) -> 18.421053 | M230: =IF(L230>2,"Perlu Pengendalian",IF(L230>0,"Tidak Perlu Pengendalian","Belum Sensus")) -> Perlu Pengendalian | O230: {=INDEX('[23]SENSUS MEI'!$Q$237:$Q$267,MATCH(1,('[23]SENSUS MEI'!$D$237:$D$267=$D230)*('[23]SENSUS MEI'!$D$237:$D$267=$D230),0))} -> 14 | P230: =G230*4.5/1000 -> 3.9465 | Q230: {=$P230*0.8} -> 3.1572 | R230: =$P230*0.6 -> 2.3679 | S230: =$P230*0.4 -> 1.5786 | T230: =$P230*0.2 -> 0.7893
A231: KALE | B231: II | C231: VIII | D231: D45 | E231: 13.49 | F231: MINERAL | G231: {=INDEX('[23]SENSUS MEI'!$G$9:$G$453,MATCH(1,('[23]SENSUS MEI'!$D$9:$D$453=$D231)*('[23]SENSUS MEI'!$D$9:$D$453=$D231),0))} -> 1861 | H231: {=INDEX('[23]SENSUS MEI'!$J$9:$J$453,MATCH(1,('[23]SENSUS MEI'!$D$9:$D$453=$D231)*('[23]SENSUS MEI'!$D$9:$D$453=$D231),0))} -> 46151 | I231: {=INDEX('[23]SENSUS MEI'!$K$9:$K$453,MATCH(1,('[23]SENSUS MEI'!$D$9:$D$453=$D231)*('[23]SENSUS MEI'!$D$9:$D$453=$D231),0))} -> 197 | J231: {=IFERROR(I231/G231*100,0)} -> 10.585707 | K231: {=INDEX('[23]SENSUS MEI'!$M$9:$M$453,MATCH(1,('[23]SENSUS MEI'!$D$9:$D$453=$D231)*('[23]SENSUS MEI'!$D$9:$D$453=$D231),0))+INDEX('[23]SENSUS MEI'!$O$9:$O$453,MATCH(1,('[23]SENSUS MEI'!$D$9:$D$453=$D231)*('[23]SENSUS MEI'!$D$9:$D$453=$D231),0))} -> 98 | L231: =IFERROR(K231/I231*100,0) -> 49.746193 | M231: =IF(L231>2,"Perlu Pengendalian",IF(L231>0,"Tidak Perlu Pengendalian","Belum Sensus")) -> Perlu Pengendalian | O231: {=INDEX('[23]SENSUS MEI'!$Q$237:$Q$267,MATCH(1,('[23]SENSUS MEI'!$D$237:$D$267=$D231)*('[23]SENSUS MEI'!$D$237:$D$267=$D231),0))} -> 98 | P231: =G231*4.5/1000 -> 8.3745 | Q231: {=$P231*0.8} -> 6.6996 | R231: =$P231*0.6 -> 5.0247 | S231: =$P231*0.4 -> 3.3498 | T231: =$P231*0.2 -> 1.6749
A232: KALE | B232: II | C232: VIII | D232: D46 | E232: 12.86 | F232: MINERAL | G232: {=INDEX('[23]SENSUS MEI'!$G$9:$G$453,MATCH(1,('[23]SENSUS MEI'!$D$9:$D$453=$D232)*('[23]SENSUS MEI'!$D$9:$D$453=$D232),0))} -> 1841 | H232: {=INDEX('[23]SENSUS MEI'!$J$9:$J$453,MATCH(1,('[23]SENSUS MEI'!$D$9:$D$453=$D232)*('[23]SENSUS MEI'!$D$9:$D$453=$D232),0))} -> 46151 | I232: {=INDEX('[23]SENSUS MEI'!$K$9:$K$453,MATCH(1,('[23]SENSUS MEI'!$D$9:$D$453=$D232)*('[23]SENSUS MEI'!$D$9:$D$453=$D232),0))} -> 165 | J232: {=IFERROR(I232/G232*100,0)} -> 8.9625204 | K232: {=INDEX('[23]SENSUS MEI'!$M$9:$M$453,MATCH(1,('[23]SENSUS MEI'!$D$9:$D$453=$D232)*('[23]SENSUS MEI'!$D$9:$D$453=$D232),0))+INDEX('[23]SENSUS MEI'!$O$9:$O$453,MATCH(1,('[23]SENSUS MEI'!$D$9:$D$453=$D232)*('[23]SENSUS MEI'!$D$9:$D$453=$D232),0))} -> 89 | L232: =IFERROR(K232/I232*100,0) -> 53.939394 | M232: =IF(L232>2,"Perlu Pengendalian",IF(L232>0,"Tidak Perlu Pengendalian","Belum Sensus")) -> Perlu Pengendalian | O232: {=INDEX('[23]SENSUS MEI'!$Q$237:$Q$267,MATCH(1,('[23]SENSUS MEI'!$D$237:$D$267=$D232)*('[23]SENSUS MEI'!$D$237:$D$267=$D232),0))} -> 89 | P232: =G232*4.5/1000 -> 8.2845 | Q232: {=$P232*0.8} -> 6.6276 | R232: =$P232*0.6 -> 4.9707 | S232: =$P232*0.4 -> 3.3138 | T232: =$P232*0.2 -> 1.6569
A233: KALE | B233: II | C233: VIII | D233: D47 | E233: 13.26 | F233: GAMBUT | G233: {=INDEX('[23]SENSUS MEI'!$G$9:$G$453,MATCH(1,('[23]SENSUS MEI'!$D$9:$D$453=$D233)*('[23]SENSUS MEI'!$D$9:$D$453=$D233),0))} -> 1510 | H233: {=INDEX('[23]SENSUS MEI'!$J$9:$J$453,MATCH(1,('[23]SENSUS MEI'!$D$9:$D$453=$D233)*('[23]SENSUS MEI'!$D$9:$D$453=$D233),0))} -> 46151 | I233: {=INDEX('[23]SENSUS MEI'!$K$9:$K$453,MATCH(1,('[23]SENSUS MEI'!$D$9:$D$453=$D233)*('[23]SENSUS MEI'!$D$9:$D$453=$D233),0))} -> 99 | J233: {=IFERROR(I233/G233*100,0)} -> 6.5562914 | K233: {=INDEX('[23]SENSUS MEI'!$M$9:$M$453,MATCH(1,('[23]SENSUS MEI'!$D$9:$D$453=$D233)*('[23]SENSUS MEI'!$D$9:$D$453=$D233),0))+INDEX('[23]SENSUS MEI'!$O$9:$O$453,MATCH(1,('[23]SENSUS MEI'!$D$9:$D$453=$D233)*('[23]SENSUS MEI'!$D$9:$D$453=$D233),0))} -> 27 | L233: =IFERROR(K233/I233*100,0) -> 27.272727 | M233: =IF(L233>2,"Perlu Pengendalian",IF(L233>0,"Tidak Perlu Pengendalian","Belum Sensus")) -> Perlu Pengendalian | O233: {=INDEX('[23]SENSUS MEI'!$Q$237:$Q$267,MATCH(1,('[23]SENSUS MEI'!$D$237:$D$267=$D233)*('[23]SENSUS MEI'!$D$237:$D$267=$D233),0))} -> 27 | P233: =G233*4.5/1000 -> 6.795 | Q233: {=$P233*0.8} -> 5.436 | R233: =$P233*0.6 -> 4.077 | S233: =$P233*0.4 -> 2.718 | T233: =$P233*0.2 -> 1.359
A234: KALE | B234: II | C234: VIII | D234: E44 | E234: 24.16 | F234: GAMBUT | G234: {=INDEX('[23]SENSUS MEI'!$G$9:$G$453,MATCH(1,('[23]SENSUS MEI'!$D$9:$D$453=$D234)*('[23]SENSUS MEI'!$D$9:$D$453=$D234),0))} -> 3481 | H234: {=INDEX('[23]SENSUS MEI'!$J$9:$J$453,MATCH(1,('[23]SENSUS MEI'!$D$9:$D$453=$D234)*('[23]SENSUS MEI'!$D$9:$D$453=$D234),0))} -> 46150 | I234: {=INDEX('[23]SENSUS MEI'!$K$9:$K$453,MATCH(1,('[23]SENSUS MEI'!$D$9:$D$453=$D234)*('[23]SENSUS MEI'!$D$9:$D$453=$D234),0))} -> 341 | J234: {=IFERROR(I234/G234*100,0)} -> 9.7960356 | K234: {=INDEX('[23]SENSUS MEI'!$M$9:$M$453,MATCH(1,('[23]SENSUS MEI'!$D$9:$D$453=$D234)*('[23]SENSUS MEI'!$D$9:$D$453=$D234),0))+INDEX('[23]SENSUS MEI'!$O$9:$O$453,MATCH(1,('[23]SENSUS MEI'!$D$9:$D$453=$D234)*('[23]SENSUS MEI'!$D$9:$D$453=$D234),0))} -> 156 | L234: =IFERROR(K234/I234*100,0) -> 45.747801 | M234: =IF(L234>2,"Perlu Pengendalian",IF(L234>0,"Tidak Perlu Pengendalian","Belum Sensus")) -> Perlu Pengendalian | O234: {=INDEX('[23]SENSUS MEI'!$Q$237:$Q$267,MATCH(1,('[23]SENSUS MEI'!$D$237:$D$267=$D234)*('[23]SENSUS MEI'!$D$237:$D$267=$D234),0))} -> 156 | P234: =G234*4.5/1000 -> 15.6645 | Q234: {=$P234*0.8} -> 12.5316 | R234: =$P234*0.6 -> 9.3987 | S234: =$P234*0.4 -> 6.2658 | T234: =$P234*0.2 -> 3.1329
A235: KALE | B235: II | C235: VIII | D235: E45 | E235: 34.7 | F235: GAMBUT | G235: {=INDEX('[23]SENSUS MEI'!$G$9:$G$453,MATCH(1,('[23]SENSUS MEI'!$D$9:$D$453=$D235)*('[23]SENSUS MEI'!$D$9:$D$453=$D235),0))} -> 4992 | H235: {=INDEX('[23]SENSUS MEI'!$J$9:$J$453,MATCH(1,('[23]SENSUS MEI'!$D$9:$D$453=$D235)*('[23]SENSUS MEI'!$D$9:$D$453=$D235),0))} -> 46154 | I235: {=INDEX('[23]SENSUS MEI'!$K$9:$K$453,MATCH(1,('[23]SENSUS MEI'!$D$9:$D$453=$D235)*('[23]SENSUS MEI'!$D$9:$D$453=$D235),0))} -> 483 | J235: {=IFERROR(I235/G235*100,0)} -> 9.6754808 | K235: {=INDEX('[23]SENSUS MEI'!$M$9:$M$453,MATCH(1,('[23]SENSUS MEI'!$D$9:$D$453=$D235)*('[23]SENSUS MEI'!$D$9:$D$453=$D235),0))+INDEX('[23]SENSUS MEI'!$O$9:$O$453,MATCH(1,('[23]SENSUS MEI'!$D$9:$D$453=$D235)*('[23]SENSUS MEI'!$D$9:$D$453=$D235),0))} -> 171 | L235: =IFERROR(K235/I235*100,0) -> 35.403727 | M235: =IF(L235>2,"Perlu Pengendalian",IF(L235>0,"Tidak Perlu Pengendalian","Belum Sensus")) -> Perlu Pengendalian | O235: {=INDEX('[23]SENSUS MEI'!$Q$237:$Q$267,MATCH(1,('[23]SENSUS MEI'!$D$237:$D$267=$D235)*('[23]SENSUS MEI'!$D$237:$D$267=$D235),0))} -> 171 | P235: =G235*4.5/1000 -> 22.464 | Q235: {=$P235*0.8} -> 17.9712 | R235: =$P235*0.6 -> 13.4784 | S235: =$P235*0.4 -> 8.9856 | T235: =$P235*0.2 -> 4.4928
... A254: KALE | B254: II | C254: VIII | D254: F52 | E254: 43.88 | F254: GAMBUT | G254: {=INDEX('[23]SENSUS MEI'!$G$9:$G$453,MATCH(1,('[23]SENSUS MEI'!$D$9:$D$453=$D254)*('[23]SENSUS MEI'!$D$9:$D$453=$D254),0))} -> 6269 | H254: {=INDEX('[23]SENSUS MEI'!$J$9:$J$453,MATCH(1,('[23]SENSUS MEI'!$D$9:$D$453=$D254)*('[23]SENSUS MEI'!$D$9:$D$453=$D254),0))} -> 46149 | I254: {=INDEX('[23]SENSUS MEI'!$K$9:$K$453,MATCH(1,('[23]SENSUS MEI'!$D$9:$D$453=$D254)*('[23]SENSUS MEI'!$D$9:$D$453=$D254),0))} -> 311 | J254: {=IFERROR(I254/G254*100,0)} -> 4.9609188 | K254: {=INDEX('[23]SENSUS MEI'!$M$9:$M$453,MATCH(1,('[23]SENSUS MEI'!$D$9:$D$453=$D254)*('[23]SENSUS MEI'!$D$9:$D$453=$D254),0))+INDEX('[23]SENSUS MEI'!$O$9:$O$453,MATCH(1,('[23]SENSUS MEI'!$D$9:$D$453=$D254)*('[23]SENSUS MEI'!$D$9:$D$453=$D254),0))} -> 263 | L254: =IFERROR(K254/I254*100,0) -> 84.565916 | M254: =IF(L254>2,"Perlu Pengendalian",IF(L254>0,"Tidak Perlu Pengendalian","Belum Sensus")) -> Perlu Pengendalian | O254: {=INDEX('[23]SENSUS MEI'!$Q$237:$Q$267,MATCH(1,('[23]SENSUS MEI'!$D$237:$D$267=$D254)*('[23]SENSUS MEI'!$D$237:$D$267=$D254),0))} -> 263 | P254: =G254*4.5/1000 -> 28.2105 | Q254: {=$P254*0.8} -> 22.5684 | R254: =$P254*0.6 -> 16.9263 | S254: =$P254*0.4 -> 11.2842 | T254: =$P254*0.2 -> 5.6421
A255: KALE | B255: II | C255: IX | D255: D38 | E255: 14.25 | F255: MINERAL | G255: {=INDEX('[23]SENSUS MEI'!$G$9:$G$453,MATCH(1,('[23]SENSUS MEI'!$D$9:$D$453=$D255)*('[23]SENSUS MEI'!$D$9:$D$453=$D255),0))} -> 1960 | H255: {=INDEX('[23]SENSUS MEI'!$J$9:$J$453,MATCH(1,('[23]SENSUS MEI'!$D$9:$D$453=$D255)*('[23]SENSUS MEI'!$D$9:$D$453=$D255),0))} -> 46153 | I255: {=INDEX('[23]SENSUS MEI'!$K$9:$K$453,MATCH(1,('[23]SENSUS MEI'!$D$9:$D$453=$D255)*('[23]SENSUS MEI'!$D$9:$D$453=$D255),0))} -> 200 | J255: {=IFERROR(I255/G255*100,0)} -> 10.204082 | K255: {=INDEX('[23]SENSUS MEI'!$M$9:$M$453,MATCH(1,('[23]SENSUS MEI'!$D$9:$D$453=$D255)*('[23]SENSUS MEI'!$D$9:$D$453=$D255),0))+INDEX('[23]SENSUS MEI'!$O$9:$O$453,MATCH(1,('[23]SENSUS MEI'!$D$9:$D$453=$D255)*('[23]SENSUS MEI'!$D$9:$D$453=$D255),0))} -> 13 | L255: =IFERROR(K255/I255*100,0) -> 6.5 | M255: =IF(L255>2,"Perlu Pengendalian",IF(L255>0,"Tidak Perlu Pengendalian","Belum Sensus")) -> Perlu Pengendalian | P255: =G255*4.5/1000 -> 8.82 | Q255: {=$P255*0.8} -> 7.056 | R255: =$P255*0.6 -> 5.292 | S255: =$P255*0.4 -> 3.528 | T255: =$P255*0.2 -> 1.764
A256: KALE | B256: II | C256: IX | D256: D39 | E256: 19.83 | F256: MINERAL | G256: {=INDEX('[23]SENSUS MEI'!$G$9:$G$453,MATCH(1,('[23]SENSUS MEI'!$D$9:$D$453=$D256)*('[23]SENSUS MEI'!$D$9:$D$453=$D256),0))} -> 2662 | H256: {=INDEX('[23]SENSUS MEI'!$J$9:$J$453,MATCH(1,('[23]SENSUS MEI'!$D$9:$D$453=$D256)*('[23]SENSUS MEI'!$D$9:$D$453=$D256),0))} -> 46153 | I256: {=INDEX('[23]SENSUS MEI'!$K$9:$K$453,MATCH(1,('[23]SENSUS MEI'!$D$9:$D$453=$D256)*('[23]SENSUS MEI'!$D$9:$D$453=$D256),0))} -> 295 | J256: {=IFERROR(I256/G256*100,0)} -> 11.081893 | K256: {=INDEX('[23]SENSUS MEI'!$M$9:$M$453,MATCH(1,('[23]SENSUS MEI'!$D$9:$D$453=$D256)*('[23]SENSUS MEI'!$D$9:$D$453=$D256),0))+INDEX('[23]SENSUS MEI'!$O$9:$O$453,MATCH(1,('[23]SENSUS MEI'!$D$9:$D$453=$D256)*('[23]SENSUS MEI'!$D$9:$D$453=$D256),0))} -> 76 | L256: =IFERROR(K256/I256*100,0) -> 25.762712 | M256: =IF(L256>2,"Perlu Pengendalian",IF(L256>0,"Tidak Perlu Pengendalian","Belum Sensus")) -> Perlu Pengendalian | P256: =G256*4.5/1000 -> 11.979 | Q256: {=$P256*0.8} -> 9.5832 | R256: =$P256*0.6 -> 7.1874 | S256: =$P256*0.4 -> 4.7916 | T256: =$P256*0.2 -> 2.3958
A257: KALE | B257: II | C257: IX | D257: D40 | E257: 10.27 | F257: MINERAL | G257: {=INDEX('[23]SENSUS MEI'!$G$9:$G$453,MATCH(1,('[23]SENSUS MEI'!$D$9:$D$453=$D257)*('[23]SENSUS MEI'!$D$9:$D$453=$D257),0))} -> 1412 | H257: {=INDEX('[23]SENSUS MEI'!$J$9:$J$453,MATCH(1,('[23]SENSUS MEI'!$D$9:$D$453=$D257)*('[23]SENSUS MEI'!$D$9:$D$453=$D257),0))} -> 46153 | I257: {=INDEX('[23]SENSUS MEI'!$K$9:$K$453,MATCH(1,('[23]SENSUS MEI'!$D$9:$D$453=$D257)*('[23]SENSUS MEI'!$D$9:$D$453=$D257),0))} -> 153 | J257: {=IFERROR(I257/G257*100,0)} -> 10.835694 | K257: {=INDEX('[23]SENSUS MEI'!$M$9:$M$453,MATCH(1,('[23]SENSUS MEI'!$D$9:$D$453=$D257)*('[23]SENSUS MEI'!$D$9:$D$453=$D257),0))+INDEX('[23]SENSUS MEI'!$O$9:$O$453,MATCH(1,('[23]SENSUS MEI'!$D$9:$D$453=$D257)*('[23]SENSUS MEI'!$D$9:$D$453=$D257),0))} -> 10 | L257: =IFERROR(K257/I257*100,0) -> 6.5359477 | M257: =IF(L257>2,"Perlu Pengendalian",IF(L257>0,"Tidak Perlu Pengendalian","Belum Sensus")) -> Perlu Pengendalian | P257: =G257*4.5/1000 -> 6.354 | Q257: {=$P257*0.8} -> 5.0832 | R257: =$P257*0.6 -> 3.8124 | S257: =$P257*0.4 -> 2.5416 | T257: =$P257*0.2 -> 1.2708
A258: KALE | B258: II | C258: IX | D258: D41 | E258: 9.22 | F258: MINERAL | G258: {=INDEX('[23]SENSUS MEI'!$G$9:$G$453,MATCH(1,('[23]SENSUS MEI'!$D$9:$D$453=$D258)*('[23]SENSUS MEI'!$D$9:$D$453=$D258),0))} -> 1110 | H258: {=INDEX('[23]SENSUS MEI'!$J$9:$J$453,MATCH(1,('[23]SENSUS MEI'!$D$9:$D$453=$D258)*('[23]SENSUS MEI'!$D$9:$D$453=$D258),0))} -> 46153 | I258: {=INDEX('[23]SENSUS MEI'!$K$9:$K$453,MATCH(1,('[23]SENSUS MEI'!$D$9:$D$453=$D258)*('[23]SENSUS MEI'!$D$9:$D$453=$D258),0))} -> 129 | J258: {=IFERROR(I258/G258*100,0)} -> 11.621622 | K258: {=INDEX('[23]SENSUS MEI'!$M$9:$M$453,MATCH(1,('[23]SENSUS MEI'!$D$9:$D$453=$D258)*('[23]SENSUS MEI'!$D$9:$D$453=$D258),0))+INDEX('[23]SENSUS MEI'!$O$9:$O$453,MATCH(1,('[23]SENSUS MEI'!$D$9:$D$453=$D258)*('[23]SENSUS MEI'!$D$9:$D$453=$D258),0))} -> 29 | L258: =IFERROR(K258/I258*100,0) -> 22.48062 | M258: =IF(L258>2,"Perlu Pengendalian",IF(L258>0,"Tidak Perlu Pengendalian","Belum Sensus")) -> Perlu Pengendalian | P258: =G258*4.5/1000 -> 4.995 | Q258: {=$P258*0.8} -> 3.996 | R258: =$P258*0.6 -> 2.997 | S258: =$P258*0.4 -> 1.998 | T258: =$P258*0.2 -> 0.999
A259: KALE | B259: II | C259: IX | D259: E31 | E259: 31.7 | F259: GAMBUT | G259: {=INDEX('[23]SENSUS MEI'!$G$9:$G$453,MATCH(1,('[23]SENSUS MEI'!$D$9:$D$453=$D259)*('[23]SENSUS MEI'!$D$9:$D$453=$D259),0))} -> 4575 | H259: {=INDEX('[23]SENSUS MEI'!$J$9:$J$453,MATCH(1,('[23]SENSUS MEI'!$D$9:$D$453=$D259)*('[23]SENSUS MEI'!$D$9:$D$453=$D259),0))} -> 46153 | I259: {=INDEX('[23]SENSUS MEI'!$K$9:$K$453,MATCH(1,('[23]SENSUS MEI'!$D$9:$D$453=$D259)*('[23]SENSUS MEI'!$D$9:$D$453=$D259),0))} -> 431 | J259: {=IFERROR(I259/G259*100,0)} -> 9.420765 | K259: {=INDEX('[23]SENSUS MEI'!$M$9:$M$453,MATCH(1,('[23]SENSUS MEI'!$D$9:$D$453=$D259)*('[23]SENSUS MEI'!$D$9:$D$453=$D259),0))+INDEX('[23]SENSUS MEI'!$O$9:$O$453,MATCH(1,('[23]SENSUS MEI'!$D$9:$D$453=$D259)*('[23]SENSUS MEI'!$D$9:$D$453=$D259),0))} -> 97 | L259: =IFERROR(K259/I259*100,0) -> 22.5058 | M259: =IF(L259>2,"Perlu Pengendalian",IF(L259>0,"Tidak Perlu Pengendalian","Belum Sensus")) -> Perlu Pengendalian | P259: =G259*4.5/1000 -> 20.5875 | Q259: {=$P259*0.8} -> 16.47 | R259: =$P259*0.6 -> 12.3525 | S259: =$P259*0.4 -> 8.235 | T259: =$P259*0.2 -> 4.1175
A260: KALE | B260: II | C260: IX | D260: E32 | E260: 20.65 | F260: MINERAL | G260: {=INDEX('[23]SENSUS MEI'!$G$9:$G$453,MATCH(1,('[23]SENSUS MEI'!$D$9:$D$453=$D260)*('[23]SENSUS MEI'!$D$9:$D$453=$D260),0))} -> 2782 | H260: {=INDEX('[23]SENSUS MEI'!$J$9:$J$453,MATCH(1,('[23]SENSUS MEI'!$D$9:$D$453=$D260)*('[23]SENSUS MEI'!$D$9:$D$453=$D260),0))} -> 46153 | I260: {=INDEX('[23]SENSUS MEI'!$K$9:$K$453,MATCH(1,('[23]SENSUS MEI'!$D$9:$D$453=$D260)*('[23]SENSUS MEI'!$D$9:$D$453=$D260),0))} -> 277 | J260: {=IFERROR(I260/G260*100,0)} -> 9.9568656 | K260: {=INDEX('[23]SENSUS MEI'!$M$9:$M$453,MATCH(1,('[23]SENSUS MEI'!$D$9:$D$453=$D260)*('[23]SENSUS MEI'!$D$9:$D$453=$D260),0))+INDEX('[23]SENSUS MEI'!$O$9:$O$453,MATCH(1,('[23]SENSUS MEI'!$D$9:$D$453=$D260)*('[23]SENSUS MEI'!$D$9:$D$453=$D260),0))} -> 57 | L260: =IFERROR(K260/I260*100,0) -> 20.577617 | M260: =IF(L260>2,"Perlu Pengendalian",IF(L260>0,"Tidak Perlu Pengendalian","Belum Sensus")) -> Perlu Pengendalian | P260: =G260*4.5/1000 -> 12.519 | Q260: {=$P260*0.8} -> 10.0152 | R260: =$P260*0.6 -> 7.5114 | S260: =$P260*0.4 -> 5.0076 | T260: =$P260*0.2 -> 2.5038
A261: KALE | B261: II | C261: IX | D261: E33 | E261: 24.16 | F261: GAMBUT | G261: {=INDEX('[23]SENSUS MEI'!$G$9:$G$453,MATCH(1,('[23]SENSUS MEI'!$D$9:$D$453=$D261)*('[23]SENSUS MEI'!$D$9:$D$453=$D261),0))} -> 3132 | H261: {=INDEX('[23]SENSUS MEI'!$J$9:$J$453,MATCH(1,('[23]SENSUS MEI'!$D$9:$D$453=$D261)*('[23]SENSUS MEI'!$D$9:$D$453=$D261),0))} -> 46154 | I261: {=INDEX('[23]SENSUS MEI'!$K$9:$K$453,MATCH(1,('[23]SENSUS MEI'!$D$9:$D$453=$D261)*('[23]SENSUS MEI'!$D$9:$D$453=$D261),0))} -> 203 | J261: {=IFERROR(I261/G261*100,0)} -> 6.4814815 | K261: {=INDEX('[23]SENSUS MEI'!$M$9:$M$453,MATCH(1,('[23]SENSUS MEI'!$D$9:$D$453=$D261)*('[23]SENSUS MEI'!$D$9:$D$453=$D261),0))+INDEX('[23]SENSUS MEI'!$O$9:$O$453,MATCH(1,('[23]SENSUS MEI'!$D$9:$D$453=$D261)*('[23]SENSUS MEI'!$D$9:$D$453=$D261),0))} -> 30 | L261: =IFERROR(K261/I261*100,0) -> 14.778325 | M261: =IF(L261>2,"Perlu Pengendalian",IF(L261>0,"Tidak Perlu Pengendalian","Belum Sensus")) -> Perlu Pengendalian | P261: =G261*4.5/1000 -> 14.094 | Q261: {=$P261*0.8} -> 11.2752 | R261: =$P261*0.6 -> 8.4564 | S261: =$P261*0.4 -> 5.6376 | T261: =$P261*0.2 -> 2.8188
A262: KALE | B262: II | C262: IX | D262: E34 | E262: 17.76 | F262: GAMBUT | G262: {=INDEX('[23]SENSUS MEI'!$G$9:$G$453,MATCH(1,('[23]SENSUS MEI'!$D$9:$D$453=$D262)*('[23]SENSUS MEI'!$D$9:$D$453=$D262),0))} -> 2570 | H262: {=INDEX('[23]SENSUS MEI'!$J$9:$J$453,MATCH(1,('[23]SENSUS MEI'!$D$9:$D$453=$D262)*('[23]SENSUS MEI'!$D$9:$D$453=$D262),0))} -> 46154 | I262: {=INDEX('[23]SENSUS MEI'!$K$9:$K$453,MATCH(1,('[23]SENSUS MEI'!$D$9:$D$453=$D262)*('[23]SENSUS MEI'!$D$9:$D$453=$D262),0))} -> 270 | J262: {=IFERROR(I262/G262*100,0)} -> 10.505837 | K262: {=INDEX('[23]SENSUS MEI'!$M$9:$M$453,MATCH(1,('[23]SENSUS MEI'!$D$9:$D$453=$D262)*('[23]SENSUS MEI'!$D$9:$D$453=$D262),0))+INDEX('[23]SENSUS MEI'!$O$9:$O$453,MATCH(1,('[23]SENSUS MEI'!$D$9:$D$453=$D262)*('[23]SENSUS MEI'!$D$9:$D$453=$D262),0))} -> 70 | L262: =IFERROR(K262/I262*100,0) -> 25.925926 | M262: =IF(L262>2,"Perlu Pengendalian",IF(L262>0,"Tidak Perlu Pengendalian","Belum Sensus")) -> Perlu Pengendalian | P262: =G262*4.5/1000 -> 11.565 | Q262: {=$P262*0.8} -> 9.252 | R262: =$P262*0.6 -> 6.939 | S262: =$P262*0.4 -> 4.626 | T262: =$P262*0.2 -> 2.313
A263: KALE | B263: II | C263: IX | D263: E35 | E263: 18.13 | F263: GAMBUT | G263: {=INDEX('[23]SENSUS MEI'!$G$9:$G$453,MATCH(1,('[23]SENSUS MEI'!$D$9:$D$453=$D263)*('[23]SENSUS MEI'!$D$9:$D$453=$D263),0))} -> 2548 | H263: {=INDEX('[23]SENSUS MEI'!$J$9:$J$453,MATCH(1,('[23]SENSUS MEI'!$D$9:$D$453=$D263)*('[23]SENSUS MEI'!$D$9:$D$453=$D263),0))} -> 46154 | I263: {=INDEX('[23]SENSUS MEI'!$K$9:$K$453,MATCH(1,('[23]SENSUS MEI'!$D$9:$D$453=$D263)*('[23]SENSUS MEI'!$D$9:$D$453=$D263),0))} -> 259 | J263: {=IFERROR(I263/G263*100,0)} -> 10.164835 | K263: {=INDEX('[23]SENSUS MEI'!$M$9:$M$453,MATCH(1,('[23]SENSUS MEI'!$D$9:$D$453=$D263)*('[23]SENSUS MEI'!$D$9:$D$453=$D263),0))+INDEX('[23]SENSUS MEI'!$O$9:$O$453,MATCH(1,('[23]SENSUS MEI'!$D$9:$D$453=$D263)*('[23]SENSUS MEI'!$D$9:$D$453=$D263),0))} -> 74 | L263: =IFERROR(K263/I263*100,0) -> 28.571429 | M263: =IF(L263>2,"Perlu Pengendalian",IF(L263>0,"Tidak Perlu Pengendalian","Belum Sensus")) -> Perlu Pengendalian | P263: =G263*4.5/1000 -> 11.466 | Q263: {=$P263*0.8} -> 9.1728 | R263: =$P263*0.6 -> 6.8796 | S263: =$P263*0.4 -> 4.5864 | T263: =$P263*0.2 -> 2.2932
A264: KALE | B264: II | C264: IX | D264: E36 | E264: 17.79 | F264: GAMBUT | G264: {=INDEX('[23]SENSUS MEI'!$G$9:$G$453,MATCH(1,('[23]SENSUS MEI'!$D$9:$D$453=$D264)*('[23]SENSUS MEI'!$D$9:$D$453=$D264),0))} -> 2530 | H264: {=INDEX('[23]SENSUS MEI'!$J$9:$J$453,MATCH(1,('[23]SENSUS MEI'!$D$9:$D$453=$D264)*('[23]SENSUS MEI'!$D$9:$D$453=$D264),0))} -> 46154 | I264: {=INDEX('[23]SENSUS MEI'!$K$9:$K$453,MATCH(1,('[23]SENSUS MEI'!$D$9:$D$453=$D264)*('[23]SENSUS MEI'!$D$9:$D$453=$D264),0))} -> 221 | J264: {=IFERROR(I264/G264*100,0)} -> 8.7351779 | K264: {=INDEX('[23]SENSUS MEI'!$M$9:$M$453,MATCH(1,('[23]SENSUS MEI'!$D$9:$D$453=$D264)*('[23]SENSUS MEI'!$D$9:$D$453=$D264),0))+INDEX('[23]SENSUS MEI'!$O$9:$O$453,MATCH(1,('[23]SENSUS MEI'!$D$9:$D$453=$D264)*('[23]SENSUS MEI'!$D$9:$D$453=$D264),0))} -> 67 | L264: =IFERROR(K264/I264*100,0) -> 30.316742 | M264: =IF(L264>2,"Perlu Pengendalian",IF(L264>0,"Tidak Perlu Pengendalian","Belum Sensus")) -> Perlu Pengendalian | P264: =G264*4.5/1000 -> 11.385 | Q264: {=$P264*0.8} -> 9.108 | R264: =$P264*0.6 -> 6.831 | S264: =$P264*0.4 -> 4.554 | T264: =$P264*0.2 -> 2.277
A265: KALE | B265: II | C265: IX | D265: E37 | E265: 34.93 | F265: GAMBUT | G265: {=INDEX('[23]SENSUS MEI'!$G$9:$G$453,MATCH(1,('[23]SENSUS MEI'!$D$9:$D$453=$D265)*('[23]SENSUS MEI'!$D$9:$D$453=$D265),0))} -> 5040 | H265: {=INDEX('[23]SENSUS MEI'!$J$9:$J$453,MATCH(1,('[23]SENSUS MEI'!$D$9:$D$453=$D265)*('[23]SENSUS MEI'!$D$9:$D$453=$D265),0))} -> 46154 | I265: {=INDEX('[23]SENSUS MEI'!$K$9:$K$453,MATCH(1,('[23]SENSUS MEI'!$D$9:$D$453=$D265)*('[23]SENSUS MEI'!$D$9:$D$453=$D265),0))} -> 426 | J265: {=IFERROR(I265/G265*100,0)} -> 8.452381 | K265: {=INDEX('[23]SENSUS MEI'!$M$9:$M$453,MATCH(1,('[23]SENSUS MEI'!$D$9:$D$453=$D265)*('[23]SENSUS MEI'!$D$9:$D$453=$D265),0))+INDEX('[23]SENSUS MEI'!$O$9:$O$453,MATCH(1,('[23]SENSUS MEI'!$D$9:$D$453=$D265)*('[23]SENSUS MEI'!$D$9:$D$453=$D265),0))} -> 165 | L265: =IFERROR(K265/I265*100,0) -> 38.732394 | M265: =IF(L265>2,"Perlu Pengendalian",IF(L265>0,"Tidak Perlu Pengendalian","Belum Sensus")) -> Perlu Pengendalian | P265: =G265*4.5/1000 -> 22.68 | Q265: {=$P265*0.8} -> 18.144 | R265: =$P265*0.6 -> 13.608 | S265: =$P265*0.4 -> 9.072 | T265: =$P265*0.2 -> 4.536
A266: KALE | B266: II | C266: IX | D266: E38 | E266: 29.3 | F266: PASIR | G266: {=INDEX('[23]SENSUS MEI'!$G$9:$G$453,MATCH(1,('[23]SENSUS MEI'!$D$9:$D$453=$D266)*('[23]SENSUS MEI'!$D$9:$D$453=$D266),0))} -> 4162 | H266: {=INDEX('[23]SENSUS MEI'!$J$9:$J$453,MATCH(1,('[23]SENSUS MEI'!$D$9:$D$453=$D266)*('[23]SENSUS MEI'!$D$9:$D$453=$D266),0))} -> 46154 | I266: {=INDEX('[23]SENSUS MEI'!$K$9:$K$453,MATCH(1,('[23]SENSUS MEI'!$D$9:$D$453=$D266)*('[23]SENSUS MEI'!$D$9:$D$453=$D266),0))} -> 445 | J266: {=IFERROR(I266/G266*100,0)} -> 10.691975 | K266: {=INDEX('[23]SENSUS MEI'!$M$9:$M$453,MATCH(1,('[23]SENSUS MEI'!$D$9:$D$453=$D266)*('[23]SENSUS MEI'!$D$9:$D$453=$D266),0))+INDEX('[23]SENSUS MEI'!$O$9:$O$453,MATCH(1,('[23]SENSUS MEI'!$D$9:$D$453=$D266)*('[23]SENSUS MEI'!$D$9:$D$453=$D266),0))} -> 65 | L266: =IFERROR(K266/I266*100,0) -> 14.606742 | M266: =IF(L266>2,"Perlu Pengendalian",IF(L266>0,"Tidak Perlu Pengendalian","Belum Sensus")) -> Perlu Pengendalian | P266: =G266*4.5/1000 -> 18.729 | Q266: {=$P266*0.8} -> 14.9832 | R266: =$P266*0.6 -> 11.2374 | S266: =$P266*0.4 -> 7.4916 | T266: =$P266*0.2 -> 3.7458
... A435: KALE | B435: II | C435: XIII | D435: J30 | E435: 11.37 | F435: MINERAL | G435: {=INDEX('[23]SENSUS MEI'!$G$9:$G$453,MATCH(1,('[23]SENSUS MEI'!$D$9:$D$453=$D435)*('[23]SENSUS MEI'!$D$9:$D$453=$D435),0))} -> 1122 | H435: {=INDEX('[23]SENSUS MEI'!$J$9:$J$453,MATCH(1,('[23]SENSUS MEI'!$D$9:$D$453=$D435)*('[23]SENSUS MEI'!$D$9:$D$453=$D435),0))} -> 46153 | I435: {=INDEX('[23]SENSUS MEI'!$K$9:$K$453,MATCH(1,('[23]SENSUS MEI'!$D$9:$D$453=$D435)*('[23]SENSUS MEI'!$D$9:$D$453=$D435),0))} -> 86 | J435: {=IFERROR(I435/G435*100,0)} -> 7.6648841 | K435: {=INDEX('[23]SENSUS MEI'!$M$9:$M$453,MATCH(1,('[23]SENSUS MEI'!$D$9:$D$453=$D435)*('[23]SENSUS MEI'!$D$9:$D$453=$D435),0))+INDEX('[23]SENSUS MEI'!$O$9:$O$453,MATCH(1,('[23]SENSUS MEI'!$D$9:$D$453=$D435)*('[23]SENSUS MEI'!$D$9:$D$453=$D435),0))} -> 26 | L435: =IFERROR(K435/I435*100,0) -> 30.232558 | M435: =IF(L435>2,"Perlu Pengendalian",IF(L435>0,"Tidak Perlu Pengendalian","Belum Sensus")) -> Perlu Pengendalian | P435: =G435*4.5/1000 -> 5.049 | Q435: {=$P435*0.8} -> 4.0392 | R435: =$P435*0.6 -> 3.0294 | S435: =$P435*0.4 -> 2.0196 | T435: =$P435*0.2 -> 1.0098
A583: KALE | B583: I | C583: I | D583: =COUNTIFS($C$6:$C$582,$C583) -> 31 | E583: =SUMIFS($E$6:$E$582,$C$6:$C$582,$C583) -> 840.64 | G583: =SUMIFS($G$6:$G$582,$C$6:$C$582,$C583) -> 120777 | I583: =SUMIFS($I$6:$I$582,$C$6:$C$582,$C583) -> 11414 | J583: {=IFERROR(I583/G583*100,0)} -> 9.4504748 | K583: =SUMIFS($K$6:$K$582,$C$6:$C$582,$C583) -> 2055 | L583: =IFERROR(K583/I583*100,0) -> 18.004205 | M583: =IF(L583>2,"Perlu Pengendalian",IF(L583>0,"Tidak Perlu Pengendalian","Belum Sensus")) -> Perlu Pengendalian | P583: =SUM(P6:P435) -> 6690.276 | Q583: =SUM(Q6:Q435) -> 5352.2208 | R583: =SUM(R6:R435) -> 4014.1656 | S583: =SUM(S6:S435) -> 2676.1104 | T583: =SUM(T6:T435) -> 1338.0552
A584: KALE | B584: I | C584: II | D584: =COUNTIFS($C$6:$C$582,$C584) -> 31 | E584: =SUMIFS($E$6:$E$582,$C$6:$C$582,$C584) -> 804.25 | G584: =SUMIFS($G$6:$G$582,$C$6:$C$582,$C584) -> 115016 | I584: =SUMIFS($I$6:$I$582,$C$6:$C$582,$C584) -> 8967 | J584: {=IFERROR(I584/G584*100,0)} -> 7.7963066 | K584: =SUMIFS($K$6:$K$582,$C$6:$C$582,$C584) -> 2751 | L584: =IFERROR(K584/I584*100,0) -> 30.679157 | M584: =IF(L584>2,"Perlu Pengendalian",IF(L584>0,"Tidak Perlu Pengendalian","Belum Sensus")) -> Perlu Pengendalian
A585: KALE | B585: I | C585: III | D585: =COUNTIFS($C$6:$C$582,$C585) -> 31 | E585: =SUMIFS($E$6:$E$582,$C$6:$C$582,$C585) -> 678.84 | G585: =SUMIFS($G$6:$G$582,$C$6:$C$582,$C585) -> 96145 | I585: =SUMIFS($I$6:$I$582,$C$6:$C$582,$C585) -> 9697 | J585: {=IFERROR(I585/G585*100,0)} -> 10.085808 | K585: =SUMIFS($K$6:$K$582,$C$6:$C$582,$C585) -> 1981 | L585: =IFERROR(K585/I585*100,0) -> 20.428999 | M585: =IF(L585>2,"Perlu Pengendalian",IF(L585>0,"Tidak Perlu Pengendalian","Belum Sensus")) -> Perlu Pengendalian | Q585: =SUM(P583:T583) -> 20070.828
A586: KALE | B586: I | C586: IV | D586: =COUNTIFS($C$6:$C$582,$C586) -> 24 | E586: =SUMIFS($E$6:$E$582,$C$6:$C$582,$C586) -> 712.62 | G586: =SUMIFS($G$6:$G$582,$C$6:$C$582,$C586) -> 102288 | I586: =SUMIFS($I$6:$I$582,$C$6:$C$582,$C586) -> 9748 | J586: {=IFERROR(I586/G586*100,0)} -> 9.5299546 | K586: =SUMIFS($K$6:$K$582,$C$6:$C$582,$C586) -> 1687 | L586: =IFERROR(K586/I586*100,0) -> 17.306114 | M586: =IF(L586>2,"Perlu Pengendalian",IF(L586>0,"Tidak Perlu Pengendalian","Belum Sensus")) -> Perlu Pengendalian | Q586: =Q585/E613 -> 1.8831702
A587: KALE | B587: I | C587: V | D587: =COUNTIFS($C$6:$C$582,$C587) -> 29 | E587: =SUMIFS($E$6:$E$582,$C$6:$C$582,$C587) -> 824.92 | G587: =SUMIFS($G$6:$G$582,$C$6:$C$582,$C587) -> 116744 | I587: =SUMIFS($I$6:$I$582,$C$6:$C$582,$C587) -> 11054 | J587: {=IFERROR(I587/G587*100,0)} -> 9.4685808 | K587: =SUMIFS($K$6:$K$582,$C$6:$C$582,$C587) -> 3470 | L587: =IFERROR(K587/I587*100,0) -> 31.391352 | M587: =IF(L587>2,"Perlu Pengendalian",IF(L587>0,"Tidak Perlu Pengendalian","Belum Sensus")) -> Perlu Pengendalian
A588: KALE | B588: I | C588: VI | D588: =COUNTIFS($C$6:$C$582,$C588) -> 38 | E588: =SUMIFS($E$6:$E$582,$C$6:$C$582,$C588) -> 590.58 | G588: =SUMIFS($G$6:$G$582,$C$6:$C$582,$C588) -> 79850 | I588: =SUMIFS($I$6:$I$582,$C$6:$C$582,$C588) -> 7670 | J588: {=IFERROR(I588/G588*100,0)} -> 9.6055103 | K588: =SUMIFS($K$6:$K$582,$C$6:$C$582,$C588) -> 1625 | L588: =IFERROR(K588/I588*100,0) -> 21.186441 | M588: =IF(L588>2,"Perlu Pengendalian",IF(L588>0,"Tidak Perlu Pengendalian","Belum Sensus")) -> Perlu Pengendalian
A589: KALE | B589: II | C589: VII | D589: =COUNTIFS($C$6:$C$582,$C589) -> 34 | E589: =SUMIFS($E$6:$E$582,$C$6:$C$582,$C589) -> 884.34 | G589: =SUMIFS($G$6:$G$582,$C$6:$C$582,$C589) -> 121840 | I589: =SUMIFS($I$6:$I$582,$C$6:$C$582,$C589) -> 10736 | J589: {=IFERROR(I589/G589*100,0)} -> 8.8115561 | K589: =SUMIFS($K$6:$K$582,$C$6:$C$582,$C589) -> 3331 | L589: =IFERROR(K589/I589*100,0) -> 31.026453 | M589: =IF(L589>2,"Perlu Pengendalian",IF(L589>0,"Tidak Perlu Pengendalian","Belum Sensus")) -> Perlu Pengendalian
A590: KALE | B590: II | C590: VIII | D590: =COUNTIFS($C$6:$C$582,$C590) -> 31 | E590: =SUMIFS($E$6:$E$582,$C$6:$C$582,$C590) -> 891.04 | G590: =SUMIFS($G$6:$G$582,$C$6:$C$582,$C590) -> 124455 | I590: =SUMIFS($I$6:$I$582,$C$6:$C$582,$C590) -> 11488 | J590: {=IFERROR(I590/G590*100,0)} -> 9.2306456 | K590: =SUMIFS($K$6:$K$582,$C$6:$C$582,$C590) -> 4451 | L590: =IFERROR(K590/I590*100,0) -> 38.744777 | M590: =IF(L590>2,"Perlu Pengendalian",IF(L590>0,"Tidak Perlu Pengendalian","Belum Sensus")) -> Perlu Pengendalian
A591: KALE | B591: II | C591: IX | D591: =COUNTIFS($C$6:$C$582,$C591) -> 30 | E591: =SUMIFS($E$6:$E$582,$C$6:$C$582,$C591) -> 870.64 | G591: =SUMIFS($G$6:$G$582,$C$6:$C$582,$C591) -> 121143 | I591: =SUMIFS($I$6:$I$582,$C$6:$C$582,$C591) -> 10981 | J591: {=IFERROR(I591/G591*100,0)} -> 9.064494 | K591: =SUMIFS($K$6:$K$582,$C$6:$C$582,$C591) -> 3106 | L591: =IFERROR(K591/I591*100,0) -> 28.28522 | M591: =IF(L591>2,"Perlu Pengendalian",IF(L591>0,"Tidak Perlu Pengendalian","Belum Sensus")) -> Perlu Pengendalian
A592: KALE | B592: II | C592: X | D592: =COUNTIFS($C$6:$C$582,$C592) -> 39 | E592: =SUMIFS($E$6:$E$582,$C$6:$C$582,$C592) -> 890.83 | G592: =SUMIFS($G$6:$G$582,$C$6:$C$582,$C592) -> 120686 | I592: =SUMIFS($I$6:$I$582,$C$6:$C$582,$C592) -> 10431 | J592: {=IFERROR(I592/G592*100,0)} -> 8.6430903 | K592: =SUMIFS($K$6:$K$582,$C$6:$C$582,$C592) -> 2723 | L592: =IFERROR(K592/I592*100,0) -> 26.10488 | M592: =IF(L592>2,"Perlu Pengendalian",IF(L592>0,"Tidak Perlu Pengendalian","Belum Sensus")) -> Perlu Pengendalian
A593: KALE | B593: II | C593: XI | D593: =COUNTIFS($C$6:$C$582,$C593) -> 25 | E593: =SUMIFS($E$6:$E$582,$C$6:$C$582,$C593) -> 892.31 | G593: =SUMIFS($G$6:$G$582,$C$6:$C$582,$C593) -> 126424 | I593: =SUMIFS($I$6:$I$582,$C$6:$C$582,$C593) -> 11582 | J593: {=IFERROR(I593/G593*100,0)} -> 9.1612352 | K593: =SUMIFS($K$6:$K$582,$C$6:$C$582,$C593) -> 2552 | L593: =IFERROR(K593/I593*100,0) -> 22.034191 | M593: =IF(L593>2,"Perlu Pengendalian",IF(L593>0,"Tidak Perlu Pengendalian","Belum Sensus")) -> Perlu Pengendalian
A594: KALE | B594: II | C594: XII | D594: =COUNTIFS($C$6:$C$582,$C594) -> 52 | E594: =SUMIFS($E$6:$E$582,$C$6:$C$582,$C594) -> 895.66 | G594: =SUMIFS($G$6:$G$582,$C$6:$C$582,$C594) -> 122783 | I594: =SUMIFS($I$6:$I$582,$C$6:$C$582,$C594) -> 10783 | J594: {=IFERROR(I594/G594*100,0)} -> 8.7821604 | K594: =SUMIFS($K$6:$K$582,$C$6:$C$582,$C594) -> 3282 | L594: =IFERROR(K594/I594*100,0) -> 30.436799 | M594: =IF(L594>2,"Perlu Pengendalian",IF(L594>0,"Tidak Perlu Pengendalian","Belum Sensus")) -> Perlu Pengendalian
A595: KALE | B595: II | C595: XIII | D595: =COUNTIFS($C$6:$C$582,$C595) -> 35 | E595: =SUMIFS($E$6:$E$582,$C$6:$C$582,$C595) -> 881.33 | G595: =SUMIFS($G$6:$G$582,$C$6:$C$582,$C595) -> 118577 | I595: =SUMIFS($I$6:$I$582,$C$6:$C$582,$C595) -> 11456 | J595: {=IFERROR(I595/G595*100,0)} -> 9.6612328 | K595: =SUMIFS($K$6:$K$582,$C$6:$C$582,$C595) -> 3784 | L595: =IFERROR(K595/I595*100,0) -> 33.030726 | M595: =IF(L595>2,"Perlu Pengendalian",IF(L595>0,"Tidak Perlu Pengendalian","Belum Sensus")) -> Perlu Pengendalian
G596: =SUMIFS($G$6:$G$582,$C$6:$C$582,$C596) -> 0 | I596: =SUMIFS($I$6:$I$582,$C$6:$C$582,$C596) -> 0 | J596: {=IFERROR(I596/G596*100,0)} -> 0 | K596: =SUMIFS($K$6:$K$582,$C$6:$C$582,$C596) -> 0 | L596: =IFERROR(K596/I596*100,0) -> 0 | M596: =IF(L596>2,"Perlu Pengendalian",IF(L596>0,"Tidak Perlu Pengendalian","Belum Sensus")) -> Belum Sensus
G597: =SUMIFS($G$6:$G$582,$C$6:$C$582,$C597) -> 0 | I597: =SUMIFS($I$6:$I$582,$C$6:$C$582,$C597) -> 0 | J597: {=IFERROR(I597/G597*100,0)} -> 0 | K597: =SUMIFS($K$6:$K$582,$C$6:$C$582,$C597) -> 0 | L597: =IFERROR(K597/I597*100,0) -> 0 | M597: =IF(L597>2,"Perlu Pengendalian",IF(L597>0,"Tidak Perlu Pengendalian","Belum Sensus")) -> Belum Sensus
G598: =SUMIFS($G$6:$G$582,$C$6:$C$582,$C598) -> 0 | I598: =SUMIFS($I$6:$I$582,$C$6:$C$582,$C598) -> 0 | J598: {=IFERROR(I598/G598*100,0)} -> 0 | K598: =SUMIFS($K$6:$K$582,$C$6:$C$582,$C598) -> 0 | L598: =IFERROR(K598/I598*100,0) -> 0 | M598: =IF(L598>2,"Perlu Pengendalian",IF(L598>0,"Tidak Perlu Pengendalian","Belum Sensus")) -> Belum Sensus
G599: =SUMIFS($G$6:$G$582,$C$6:$C$582,$C599) -> 0 | I599: =SUMIFS($I$6:$I$582,$C$6:$C$582,$C599) -> 0 | J599: {=IFERROR(I599/G599*100,0)} -> 0 | K599: =SUMIFS($K$6:$K$582,$C$6:$C$582,$C599) -> 0 | L599: =IFERROR(K599/I599*100,0) -> 0 | M599: =IF(L599>2,"Perlu Pengendalian",IF(L599>0,"Tidak Perlu Pengendalian","Belum Sensus")) -> Belum Sensus
G600: =SUMIFS($G$6:$G$582,$C$6:$C$582,$C600) -> 0 | I600: =SUMIFS($I$6:$I$582,$C$6:$C$582,$C600) -> 0 | J600: {=IFERROR(I600/G600*100,0)} -> 0 | K600: =SUMIFS($K$6:$K$582,$C$6:$C$582,$C600) -> 0 | L600: =IFERROR(K600/I600*100,0) -> 0 | M600: =IF(L600>2,"Perlu Pengendalian",IF(L600>0,"Tidak Perlu Pengendalian","Belum Sensus")) -> Belum Sensus
A601: KALE | B601: RAYON A | C601: RAYON A | D601: =SUM(D583:D585) -> 93 | E601: =SUM(E583:E585) -> 2323.73 | G601: =SUM(G583:G585) -> 331938 | I601: =SUM(I583:I585) -> 30078 | J601: {=IFERROR(I601/G601*100,0)} -> 9.0613307 | K601: =SUM(K583:K585) -> 6787 | L601: =IFERROR(K601/I601*100,0) -> 22.564665 | M601: =IF(L601>2,"Perlu Pengendalian",IF(L601>0,"Tidak Perlu Pengendalian","Belum Sensus")) -> Perlu Pengendalian
A602: KALE | B602: RAYON B | C602: RAYON B | D602: =SUM(D586:D588) -> 91 | E602: =SUM(E586:E588) -> 2128.12 | G602: =SUM(G586:G588) -> 298882 | I602: =SUM(I586:I588) -> 28472 | J602: {=IFERROR(I602/G602*100,0)} -> 9.5261675 | K602: =SUM(K586:K588) -> 6782 | L602: =IFERROR(K602/I602*100,0) -> 23.819893 | M602: =IF(L602>2,"Perlu Pengendalian",IF(L602>0,"Tidak Perlu Pengendalian","Belum Sensus")) -> Perlu Pengendalian
A603: KALE | B603: RAYON C | C603: RAYON C | D603: =SUM(D589:D591) -> 95 | E603: =SUM(E589:E591) -> 2646.02 | G603: =SUM(G589:G591) -> 367438 | I603: =SUM(I589:I591) -> 33205 | J603: {=IFERROR(I603/G603*100,0)} -> 9.0368987 | K603: =SUM(K589:K591) -> 10888 | L603: =IFERROR(K603/I603*100,0) -> 32.790242 | M603: =IF(L603>2,"Perlu Pengendalian",IF(L603>0,"Tidak Perlu Pengendalian","Belum Sensus")) -> Perlu Pengendalian
A604: KALE | B604: RAYON D | C604: RAYON D | D604: =SUM(D592:D593) -> 64 | E604: =SUM(E592:E593) -> 1783.14 | G604: =SUM(G592:G593) -> 247110 | I604: =SUM(I592:I593) -> 22013 | J604: {=IFERROR(I604/G604*100,0)} -> 8.9081785 | K604: =SUM(K592:K593) -> 5275 | L604: =IFERROR(K604/I604*100,0) -> 23.963113 | M604: =IF(L604>2,"Perlu Pengendalian",IF(L604>0,"Tidak Perlu Pengendalian","Belum Sensus")) -> Perlu Pengendalian
A605: KALE | B605: RAYON E | C605: RAYON E | D605: =SUM(D594:D595) -> 87 | E605: =SUM(E594:E595) -> 1776.99 | G605: =SUM(G594:G595) -> 241360 | I605: =SUM(I594:I595) -> 22239 | J605: {=IFERROR(I605/G605*100,0)} -> 9.2140371 | K605: =SUM(K594:K595) -> 7066 | L605: =IFERROR(K605/I605*100,0) -> 31.773011 | M605: =IF(L605>2,"Perlu Pengendalian",IF(L605>0,"Tidak Perlu Pengendalian","Belum Sensus")) -> Perlu Pengendalian
A609: KALE | B609: I | C609: I | D609: =SUM(D601:D602) -> 184 | E609: =SUM(E601:F602) -> 4451.85 | G609: =SUM(G601:H602) -> 630820 | I609: =SUM(I601:I602) -> 58550 | J609: {=IFERROR(I609/G609*100,0)} -> 9.28157 | K609: =SUM(K601:K602) -> 13569 | L609: =IFERROR(K609/I609*100,0) -> 23.175064 | M609: =IF(L609>2,"Perlu Pengendalian",IF(L609>0,"Tidak Perlu Pengendalian","Belum Sensus")) -> Perlu Pengendalian
A610: KALE | B610: II | C610: II | D610: =SUM(D603:D605) -> 246 | E610: =SUM(E603:F605) -> 6206.15 | G610: =SUM(G603:H605) -> 855908 | I610: =SUM(I603:I608) -> 77457 | J610: {=IFERROR(I610/G610*100,0)} -> 9.0496876 | K610: =SUM(K603:K608) -> 23229 | L610: =IFERROR(K610/I610*100,0) -> 29.989543 | M610: =IF(L610>2,"Perlu Pengendalian",IF(L610>0,"Tidak Perlu Pengendalian","Belum Sensus")) -> Perlu Pengendalian
A613: KALE | D613: =SUM(D609:D612) -> 430 | E613: =SUM(E609:F612) -> 10658 | G613: =SUM(G609:H612) -> 1486728 | I613: =SUM(I609:I610) -> 136007 | J613: {=IFERROR(I613/G613*100,0)} -> 9.1480755 | K613: =SUM(K609:K610) -> 36798 | L613: =IFERROR(K613/I613*100,0) -> 27.05596 | M613: =IF(L613>2,"Perlu Pengendalian",IF(L613>0,"Tidak Perlu Pengendalian","Belum Sensus")) -> Perlu Pengendalian
G615: =G613/E613 -> 139.49409

Sheet KALE (Deteksi)
H1: 1 - 15 Agustus 2026
A2: Laporan Blok Yang Sudah Dikerjakan dan Blok InProgress Deteksi Tikus | H2: AKP + Grading | N2: AKP | V2: Grading TPH
A3: Kebun | B3: Est | C3: Afd | D3: Blok | E3: Luas (Ha) | F3: Jenis Tanah | G3: Total Pokok Produktif | H3: Tanggal Sensus | I3: Pokok Sensus/TBS Sensus | J3: Pokok Sensus (%) | K3: Pokok Terserang (Baru) | L3: % | M3: Rekomendasi | N3: Tanggal Sensus | O3: Pokok Sensus | P3: Pokok Sensus (%) | Q3: Pokok Terserang (Baru) | R3: % | S3: Rekomendasi | T3: Pokok Terserang (Lama) | U3: % | V3: Tanggal Sensus | W3: Jumlah TBS | X3: TBS Terserang (Baru) | Y3: % | Z3: Rekomendasi | AA3: Pokok Terserang (Lama) | AB3: %
A6: KALE | B6: I | C6: I | D6: A10 | E6: 19.8 | F6: GAMBUT | G6: {=INDEX('[23]SENSUS MEI'!$G$9:$G$453,MATCH(1,('[23]SENSUS MEI'!$D$9:$D$453=$D6)*('[23]SENSUS MEI'!$D$9:$D$453=$D6),0))} -> 2655 | H6: =IF(N6>0,N6,V6) -> 46237 | I6: =IF(O6>0,O6,W6) -> 56 | J6: =IF(P6>0,P6," ") -> 2.1092279 | K6: =IF(Q6>0,Q6,X6) -> 8 | L6: =IFERROR(K6/I6*100,0) -> 14.285714 | M6: {=IF(L6>5,"Perlu Sensus",IF(AND(L6>=0,I6>0),"Tetap Deteksi","Belum Deteksi"))} -> Perlu Sensus | N6: 46237 | O6: 56 | P6: {=IFERROR(O6/G6*100,0)} -> 2.1092279 | Q6: 8 | R6: =IFERROR(Q6/O6*100,0) -> 14.285714 | S6: {=IF(R6>5,"Perlu Sensus",IF(AND(R6>=0,O6>0),"Tetap Deteksi","Belum Deteksi"))} -> Perlu Sensus | T6: 17 | U6: =IFERROR(T6/O6*100,0) -> 30.357143 | V6: 46238 | W6: 189 | X6: 32 | Y6: =IFERROR(X6/W6*100,0) -> 16.931217 | Z6: {=IF(Y6>5,"Perlu Sensus",IF(AND(Y6>0,,O6>0),"Tetap Deteksi","Belum Deteksi"))} -> Perlu Sensus | AA6: 55 | AB6: =IFERROR(AA6/W6*100,0) -> 29.100529
A7: KALE | B7: I | C7: I | D7: A11 | E7: 5.32 | F7: GAMBUT | G7: {=INDEX('[23]SENSUS MEI'!$G$9:$G$453,MATCH(1,('[23]SENSUS MEI'!$D$9:$D$453=$D7)*('[23]SENSUS MEI'!$D$9:$D$453=$D7),0))} -> 669 | H7: =IF(N7>0,N7,V7) -> 46237 | I7: =IF(O7>0,O7,W7) -> 54 | J7: =IF(P7>0,P7," ") -> 8.0717489 | K7: =IF(Q7>0,Q7,X7) -> 8 | L7: =IFERROR(K7/I7*100,0) -> 14.814815 | M7: {=IF(L7>5,"Perlu Sensus",IF(AND(L7>=0,I7>0),"Tetap Deteksi","Belum Deteksi"))} -> Perlu Sensus | N7: 46237 | O7: 54 | P7: {=IFERROR(O7/G7*100,0)} -> 8.0717489 | Q7: 8 | R7: =IFERROR(Q7/O7*100,0) -> 14.814815 | S7: {=IF(R7>5,"Perlu Sensus",IF(AND(R7>=0,O7>0),"Tetap Deteksi","Belum Deteksi"))} -> Perlu Sensus | T7: 17 | U7: =IFERROR(T7/O7*100,0) -> 31.481481 | V7: 46238 | W7: 164 | X7: 26 | Y7: =IFERROR(X7/W7*100,0) -> 15.853659 | Z7: {=IF(Y7>5,"Perlu Sensus",IF(AND(Y7>0,,O7>0),"Tetap Deteksi","Belum Deteksi"))} -> Perlu Sensus | AA7: 21 | AB7: =IFERROR(AA7/W7*100,0) -> 12.804878
A8: KALE | B8: I | C8: I | D8: A12 | E8: 3.16 | F8: GAMBUT | G8: {=INDEX('[23]SENSUS MEI'!$G$9:$G$453,MATCH(1,('[23]SENSUS MEI'!$D$9:$D$453=$D8)*('[23]SENSUS MEI'!$D$9:$D$453=$D8),0))} -> 519 | H8: =IF(N8>0,N8,V8) -> 46237 | I8: =IF(O8>0,O8,W8) -> 54 | J8: =IF(P8>0,P8," ") -> 10.404624 | K8: =IF(Q8>0,Q8,X8) -> 6 | L8: =IFERROR(K8/I8*100,0) -> 11.111111 | M8: {=IF(L8>5,"Perlu Sensus",IF(AND(L8>=0,I8>0),"Tetap Deteksi","Belum Deteksi"))} -> Perlu Sensus | N8: 46237 | O8: 54 | P8: {=IFERROR(O8/G8*100,0)} -> 10.404624 | Q8: 6 | R8: =IFERROR(Q8/O8*100,0) -> 11.111111 | S8: {=IF(R8>5,"Perlu Sensus",IF(AND(R8>=0,O8>0),"Tetap Deteksi","Belum Deteksi"))} -> Perlu Sensus | T8: 16 | U8: =IFERROR(T8/O8*100,0) -> 29.62963 | V8: 46238 | W8: 190 | X8: 33 | Y8: =IFERROR(X8/W8*100,0) -> 17.368421 | Z8: {=IF(Y8>5,"Perlu Sensus",IF(AND(Y8>0,,O8>0),"Tetap Deteksi","Belum Deteksi"))} -> Perlu Sensus | AA8: 50 | AB8: =IFERROR(AA8/W8*100,0) -> 26.315789
A9: KALE | B9: I | C9: I | D9: B01 | E9: 29.56 | F9: GAMBUT | G9: {=INDEX('[23]SENSUS MEI'!$G$9:$G$453,MATCH(1,('[23]SENSUS MEI'!$D$9:$D$453=$D9)*('[23]SENSUS MEI'!$D$9:$D$453=$D9),0))} -> 3810 | H9: =IF(N9>0,N9,V9) -> 46238 | I9: =IF(O9>0,O9,W9) -> 112 | J9: =IF(P9>0,P9," ") -> 2.9396325 | K9: =IF(Q9>0,Q9,X9) -> 6 | L9: =IFERROR(K9/I9*100,0) -> 5.3571429 | M9: {=IF(L9>5,"Perlu Sensus",IF(AND(L9>=0,I9>0),"Tetap Deteksi","Belum Deteksi"))} -> Perlu Sensus | N9: 46238 | O9: 112 | P9: {=IFERROR(O9/G9*100,0)} -> 2.9396325 | Q9: 6 | R9: =IFERROR(Q9/O9*100,0) -> 5.3571429 | S9: {=IF(R9>5,"Perlu Sensus",IF(AND(R9>=0,O9>0),"Tetap Deteksi","Belum Deteksi"))} -> Perlu Sensus | T9: 6 | U9: =IFERROR(T9/O9*100,0) -> 5.3571429 | V9: 46239 | W9: 221 | X9: 17 | Y9: =IFERROR(X9/W9*100,0) -> 7.6923077 | Z9: {=IF(Y9>5,"Perlu Sensus",IF(AND(Y9>0,,O9>0),"Tetap Deteksi","Belum Deteksi"))} -> Perlu Sensus | AA9: 25 | AB9: =IFERROR(AA9/W9*100,0) -> 11.312217
A10: KALE | B10: I | C10: I | D10: B02 | E10: 19.59 | F10: GAMBUT | G10: {=INDEX('[23]SENSUS MEI'!$G$9:$G$453,MATCH(1,('[23]SENSUS MEI'!$D$9:$D$453=$D10)*('[23]SENSUS MEI'!$D$9:$D$453=$D10),0))} -> 2776 | H10: =IF(N10>0,N10,V10) -> 46238 | I10: =IF(O10>0,O10,W10) -> 104 | J10: =IF(P10>0,P10," ") -> 3.7463977 | K10: =IF(Q10>0,Q10,X10) -> 6 | L10: =IFERROR(K10/I10*100,0) -> 5.7692308 | M10: {=IF(L10>5,"Perlu Sensus",IF(AND(L10>=0,I10>0),"Tetap Deteksi","Belum Deteksi"))} -> Perlu Sensus | N10: 46238 | O10: 104 | P10: {=IFERROR(O10/G10*100,0)} -> 3.7463977 | Q10: 6 | R10: =IFERROR(Q10/O10*100,0) -> 5.7692308 | S10: {=IF(R10>5,"Perlu Sensus",IF(AND(R10>=0,O10>0),"Tetap Deteksi","Belum Deteksi"))} -> Perlu Sensus | T10: 14 | U10: =IFERROR(T10/O10*100,0) -> 13.461538 | V10: 46247 | W10: 60 | X10: 9 | Y10: =IFERROR(X10/W10*100,0) -> 15 | Z10: {=IF(Y10>5,"Perlu Sensus",IF(AND(Y10>0,,O10>0),"Tetap Deteksi","Belum Deteksi"))} -> Perlu Sensus | AA10: 15 | AB10: =IFERROR(AA10/W10*100,0) -> 25
A11: KALE | B11: I | C11: I | D11: B03 | E11: 38.78 | F11: GAMBUT | G11: {=INDEX('[23]SENSUS MEI'!$G$9:$G$453,MATCH(1,('[23]SENSUS MEI'!$D$9:$D$453=$D11)*('[23]SENSUS MEI'!$D$9:$D$453=$D11),0))} -> 5607 | H11: =IF(N11>0,N11,V11) -> 46239 | I11: =IF(O11>0,O11,W11) -> 109 | J11: =IF(P11>0,P11," ") -> 1.9439986 | K11: =IF(Q11>0,Q11,X11) -> 7 | L11: =IFERROR(K11/I11*100,0) -> 6.4220183 | M11: {=IF(L11>5,"Perlu Sensus",IF(AND(L11>=0,I11>0),"Tetap Deteksi","Belum Deteksi"))} -> Perlu Sensus | N11: 46239 | O11: 109 | P11: {=IFERROR(O11/G11*100,0)} -> 1.9439986 | Q11: 7 | R11: =IFERROR(Q11/O11*100,0) -> 6.4220183 | S11: {=IF(R11>5,"Perlu Sensus",IF(AND(R11>=0,O11>0),"Tetap Deteksi","Belum Deteksi"))} -> Perlu Sensus | T11: 10 | U11: =IFERROR(T11/O11*100,0) -> 9.1743119 | V11: 46240 | W11: 158 | X11: 15 | Y11: =IFERROR(X11/W11*100,0) -> 9.4936709 | Z11: {=IF(Y11>5,"Perlu Sensus",IF(AND(Y11>0,,O11>0),"Tetap Deteksi","Belum Deteksi"))} -> Perlu Sensus | AA11: 19 | AB11: =IFERROR(AA11/W11*100,0) -> 12.025316
A12: KALE | B12: I | C12: I | D12: B04 | E12: 45.86 | F12: GAMBUT | G12: {=INDEX('[23]SENSUS MEI'!$G$9:$G$453,MATCH(1,('[23]SENSUS MEI'!$D$9:$D$453=$D12)*('[23]SENSUS MEI'!$D$9:$D$453=$D12),0))} -> 6177 | H12: =IF(N12>0,N12,V12) -> 46239 | I12: =IF(O12>0,O12,W12) -> 102 | J12: =IF(P12>0,P12," ") -> 1.651287 | K12: =IF(Q12>0,Q12,X12) -> 5 | L12: =IFERROR(K12/I12*100,0) -> 4.9019608 | M12: {=IF(L12>5,"Perlu Sensus",IF(AND(L12>=0,I12>0),"Tetap Deteksi","Belum Deteksi"))} -> Tetap Deteksi | N12: 46239 | O12: 102 | P12: {=IFERROR(O12/G12*100,0)} -> 1.651287 | Q12: 5 | R12: =IFERROR(Q12/O12*100,0) -> 4.9019608 | S12: {=IF(R12>5,"Perlu Sensus",IF(AND(R12>=0,O12>0),"Tetap Deteksi","Belum Deteksi"))} -> Tetap Deteksi | T12: 8 | U12: =IFERROR(T12/O12*100,0) -> 7.8431373 | V12: 46240 | W12: 149 | X12: 13 | Y12: =IFERROR(X12/W12*100,0) -> 8.7248322 | Z12: {=IF(Y12>5,"Perlu Sensus",IF(AND(Y12>0,,O12>0),"Tetap Deteksi","Belum Deteksi"))} -> Perlu Sensus | AA12: 28 | AB12: =IFERROR(AA12/W12*100,0) -> 18.791946
A13: KALE | B13: I | C13: I | D13: B05 | E13: 44.8 | F13: GAMBUT | G13: {=INDEX('[23]SENSUS MEI'!$G$9:$G$453,MATCH(1,('[23]SENSUS MEI'!$D$9:$D$453=$D13)*('[23]SENSUS MEI'!$D$9:$D$453=$D13),0))} -> 6611 | H13: =IF(N13>0,N13,V13) -> 46239 | I13: =IF(O13>0,O13,W13) -> 119 | J13: =IF(P13>0,P13," ") -> 1.8000303 | K13: =IF(Q13>0,Q13,X13) -> 7 | L13: =IFERROR(K13/I13*100,0) -> 5.8823529 | M13: {=IF(L13>5,"Perlu Sensus",IF(AND(L13>=0,I13>0),"Tetap Deteksi","Belum Deteksi"))} -> Perlu Sensus | N13: 46239 | O13: 119 | P13: {=IFERROR(O13/G13*100,0)} -> 1.8000303 | Q13: 7 | R13: =IFERROR(Q13/O13*100,0) -> 5.8823529 | S13: {=IF(R13>5,"Perlu Sensus",IF(AND(R13>=0,O13>0),"Tetap Deteksi","Belum Deteksi"))} -> Perlu Sensus | T13: 7 | U13: =IFERROR(T13/O13*100,0) -> 5.8823529 | V13: 46240 | W13: 188 | X13: 22 | Y13: =IFERROR(X13/W13*100,0) -> 11.702128 | Z13: {=IF(Y13>5,"Perlu Sensus",IF(AND(Y13>0,,O13>0),"Tetap Deteksi","Belum Deteksi"))} -> Perlu Sensus | AA13: 20 | AB13: =IFERROR(AA13/W13*100,0) -> 10.638298
A14: KALE | B14: I | C14: I | D14: B06 | E14: 42.64 | F14: GAMBUT | G14: {=INDEX('[23]SENSUS MEI'!$G$9:$G$453,MATCH(1,('[23]SENSUS MEI'!$D$9:$D$453=$D14)*('[23]SENSUS MEI'!$D$9:$D$453=$D14),0))} -> 5898 | H14: =IF(N14>0,N14,V14) -> 46249 | I14: =IF(O14>0,O14,W14) -> 54 | J14: =IF(P14>0,P14," ") -> 0.9155646 | K14: =IF(Q14>0,Q14,X14) -> 6 | L14: =IFERROR(K14/I14*100,0) -> 11.111111 | M14: {=IF(L14>5,"Perlu Sensus",IF(AND(L14>=0,I14>0),"Tetap Deteksi","Belum Deteksi"))} -> Perlu Sensus | N14: 46249 | O14: 54 | P14: {=IFERROR(O14/G14*100,0)} -> 0.9155646 | Q14: 6 | R14: =IFERROR(Q14/O14*100,0) -> 11.111111 | S14: {=IF(R14>5,"Perlu Sensus",IF(AND(R14>=0,O14>0),"Tetap Deteksi","Belum Deteksi"))} -> Perlu Sensus | T14: 14 | U14: =IFERROR(T14/O14*100,0) -> 25.925926 | V14: 46250 | W14: 155 | X14: 18 | Y14: =IFERROR(X14/W14*100,0) -> 11.612903 | Z14: {=IF(Y14>5,"Perlu Sensus",IF(AND(Y14>0,,O14>0),"Tetap Deteksi","Belum Deteksi"))} -> Perlu Sensus | AA14: 17 | AB14: =IFERROR(AA14/W14*100,0) -> 10.967742
A15: KALE | B15: I | C15: I | D15: B07 | E15: 55.17 | F15: GAMBUT | G15: {=INDEX('[23]SENSUS MEI'!$G$9:$G$453,MATCH(1,('[23]SENSUS MEI'!$D$9:$D$453=$D15)*('[23]SENSUS MEI'!$D$9:$D$453=$D15),0))} -> 6728 | H15: =IF(N15>0,N15,V15) -> 46249 | I15: =IF(O15>0,O15,W15) -> 56 | J15: =IF(P15>0,P15," ") -> 0.83234245 | K15: =IF(Q15>0,Q15,X15) -> 12 | L15: =IFERROR(K15/I15*100,0) -> 21.428571 | M15: {=IF(L15>5,"Perlu Sensus",IF(AND(L15>=0,I15>0),"Tetap Deteksi","Belum Deteksi"))} -> Perlu Sensus | N15: 46249 | O15: 56 | P15: {=IFERROR(O15/G15*100,0)} -> 0.83234245 | Q15: 12 | R15: =IFERROR(Q15/O15*100,0) -> 21.428571 | S15: {=IF(R15>5,"Perlu Sensus",IF(AND(R15>=0,O15>0),"Tetap Deteksi","Belum Deteksi"))} -> Perlu Sensus | T15: 20 | U15: =IFERROR(T15/O15*100,0) -> 35.714286 | V15: 46250 | W15: 209 | X15: 26 | Y15: =IFERROR(X15/W15*100,0) -> 12.440191 | Z15: {=IF(Y15>5,"Perlu Sensus",IF(AND(Y15>0,,O15>0),"Tetap Deteksi","Belum Deteksi"))} -> Perlu Sensus | AA15: 55 | AB15: =IFERROR(AA15/W15*100,0) -> 26.315789
A16: KALE | B16: I | C16: I | D16: B08 | E16: 42.96 | F16: GAMBUT | G16: {=INDEX('[23]SENSUS MEI'!$G$9:$G$453,MATCH(1,('[23]SENSUS MEI'!$D$9:$D$453=$D16)*('[23]SENSUS MEI'!$D$9:$D$453=$D16),0))} -> 6522 | H16: =IF(N16>0,N16,V16) -> 46248 | I16: =IF(O16>0,O16,W16) -> 58 | J16: =IF(P16>0,P16," ") -> 0.88929776 | K16: =IF(Q16>0,Q16,X16) -> 11 | L16: =IFERROR(K16/I16*100,0) -> 18.965517 | M16: {=IF(L16>5,"Perlu Sensus",IF(AND(L16>=0,I16>0),"Tetap Deteksi","Belum Deteksi"))} -> Perlu Sensus | N16: 46248 | O16: 58 | P16: {=IFERROR(O16/G16*100,0)} -> 0.88929776 | Q16: 11 | R16: =IFERROR(Q16/O16*100,0) -> 18.965517 | S16: {=IF(R16>5,"Perlu Sensus",IF(AND(R16>=0,O16>0),"Tetap Deteksi","Belum Deteksi"))} -> Perlu Sensus | T16: 27 | U16: =IFERROR(T16/O16*100,0) -> 46.551724 | V16: 46249 | W16: 169 | X16: 28 | Y16: =IFERROR(X16/W16*100,0) -> 16.568047 | Z16: {=IF(Y16>5,"Perlu Sensus",IF(AND(Y16>0,,O16>0),"Tetap Deteksi","Belum Deteksi"))} -> Perlu Sensus | AA16: 45 | AB16: =IFERROR(AA16/W16*100,0) -> 26.627219
A17: KALE | B17: I | C17: I | D17: B09 | E17: 54.63 | F17: GAMBUT | G17: {=INDEX('[23]SENSUS MEI'!$G$9:$G$453,MATCH(1,('[23]SENSUS MEI'!$D$9:$D$453=$D17)*('[23]SENSUS MEI'!$D$9:$D$453=$D17),0))} -> 7989 | H17: =IF(N17>0,N17,V17) -> 46248 | I17: =IF(O17>0,O17,W17) -> 56 | J17: =IF(P17>0,P17," ") -> 0.70096383 | K17: =IF(Q17>0,Q17,X17) -> 8 | L17: =IFERROR(K17/I17*100,0) -> 14.285714 | M17: {=IF(L17>5,"Perlu Sensus",IF(AND(L17>=0,I17>0),"Tetap Deteksi","Belum Deteksi"))} -> Perlu Sensus | N17: 46248 | O17: 56 | P17: {=IFERROR(O17/G17*100,0)} -> 0.70096383 | Q17: 8 | R17: =IFERROR(Q17/O17*100,0) -> 14.285714 | S17: {=IF(R17>5,"Perlu Sensus",IF(AND(R17>=0,O17>0),"Tetap Deteksi","Belum Deteksi"))} -> Perlu Sensus | T17: 34 | U17: =IFERROR(T17/O17*100,0) -> 60.714286 | V17: 46249 | W17: 179 | X17: 32 | Y17: =IFERROR(X17/W17*100,0) -> 17.877095 | Z17: {=IF(Y17>5,"Perlu Sensus",IF(AND(Y17>0,,O17>0),"Tetap Deteksi","Belum Deteksi"))} -> Perlu Sensus | AA17: 50 | AB17: =IFERROR(AA17/W17*100,0) -> 27.932961
... A35: KALE | B35: I | C35: I | D35: B14 | E35: 49.6 | F35: GAMBUT | G35: {=INDEX('[23]SENSUS MEI'!$G$9:$G$453,MATCH(1,('[23]SENSUS MEI'!$D$9:$D$453=$D35)*('[23]SENSUS MEI'!$D$9:$D$453=$D35),0))} -> 6650 | H35: =IF(N35>0,N35,V35) -> 46247 | I35: =IF(O35>0,O35,W35) -> 60 | J35: =IF(P35>0,P35," ") -> 0.90225564 | K35: =IF(Q35>0,Q35,X35) -> 5 | L35: =IFERROR(K35/I35*100,0) -> 8.3333333 | M35: {=IF(L35>5,"Perlu Sensus",IF(AND(L35>=0,I35>0),"Tetap Deteksi","Belum Deteksi"))} -> Perlu Sensus | N35: 46247 | O35: 60 | P35: {=IFERROR(O35/G35*100,0)} -> 0.90225564 | Q35: 5 | R35: =IFERROR(Q35/O35*100,0) -> 8.3333333 | S35: {=IF(R35>5,"Perlu Sensus",IF(AND(R35>=0,O35>0),"Tetap Deteksi","Belum Deteksi"))} -> Perlu Sensus | T35: 27 | U35: =IFERROR(T35/O35*100,0) -> 45 | V35: 46248 | W35: 202 | X35: 20 | Y35: =IFERROR(X35/W35*100,0) -> 9.9009901 | Z35: {=IF(Y35>5,"Perlu Sensus",IF(AND(Y35>0,,O35>0),"Tetap Deteksi","Belum Deteksi"))} -> Perlu Sensus | AA35: 24 | AB35: =IFERROR(AA35/W35*100,0) -> 11.881188
A36: KALE | B36: I | C36: I | D36: B15 | E36: 46.57 | F36: GAMBUT | G36: {=INDEX('[23]SENSUS MEI'!$G$9:$G$453,MATCH(1,('[23]SENSUS MEI'!$D$9:$D$453=$D36)*('[23]SENSUS MEI'!$D$9:$D$453=$D36),0))} -> 6851 | H36: =IF(N36>0,N36,V36) -> 6.13 Aug 26 | I36: =IF(O36>0,O36,W36) -> 174 | J36: =IF(P36>0,P36," ") -> 2.5397752 | K36: =IF(Q36>0,Q36,X36) -> 15 | L36: =IFERROR(K36/I36*100,0) -> 8.6206897 | M36: {=IF(L36>5,"Perlu Sensus",IF(AND(L36>=0,I36>0),"Tetap Deteksi","Belum Deteksi"))} -> Perlu Sensus | N36: 6.13 Aug 26 | O36: 174 | P36: {=IFERROR(O36/G36*100,0)} -> 2.5397752 | Q36: 15 | R36: =IFERROR(Q36/O36*100,0) -> 8.6206897 | S36: {=IF(R36>5,"Perlu Sensus",IF(AND(R36>=0,O36>0),"Tetap Deteksi","Belum Deteksi"))} -> Perlu Sensus | T36: 55 | U36: =IFERROR(T36/O36*100,0) -> 31.609195 | V36: 46241 | W36: 258 | X36: 33 | Y36: =IFERROR(X36/W36*100,0) -> 12.790698 | Z36: {=IF(Y36>5,"Perlu Sensus",IF(AND(Y36>0,,O36>0),"Tetap Deteksi","Belum Deteksi"))} -> Perlu Sensus | AA36: 60 | AB36: =IFERROR(AA36/W36*100,0) -> 23.255814
A37: KALE | B37: I | C37: II | D37: A27 | E37: 5.72 | F37: GAMBUT | G37: {=INDEX('[23]SENSUS MEI'!$G$9:$G$453,MATCH(1,('[23]SENSUS MEI'!$D$9:$D$453=$D37)*('[23]SENSUS MEI'!$D$9:$D$453=$D37),0))} -> 961 | H37: =IF(N37>0,N37,V37) -> 46237 | I37: =IF(O37>0,O37,W37) -> 108 | J37: =IF(P37>0,P37," ") -> 11.238293 | K37: =IF(Q37>0,Q37,X37) -> 7 | L37: =IFERROR(K37/I37*100,0) -> 6.4814815 | M37: {=IF(L37>5,"Perlu Sensus",IF(AND(L37>=0,I37>0),"Tetap Deteksi","Belum Deteksi"))} -> Perlu Sensus | N37: 46237 | O37: 108 | P37: {=IFERROR(O37/G37*100,0)} -> 11.238293 | Q37: 7 | R37: =IFERROR(Q37/O37*100,0) -> 6.4814815 | S37: {=IF(R37>5,"Perlu Sensus",IF(AND(R37>=0,O37>0),"Tetap Deteksi","Belum Deteksi"))} -> Perlu Sensus | T37: 26 | U37: =IFERROR(T37/O37*100,0) -> 24.074074 | V37: 46238 | W37: 216 | X37: 36 | Y37: =IFERROR(X37/W37*100,0) -> 16.666667 | Z37: {=IF(Y37>5,"Perlu Sensus",IF(AND(Y37>0,,O37>0),"Tetap Deteksi","Belum Deteksi"))} -> Perlu Sensus | AA37: 60 | AB37: =IFERROR(AA37/W37*100,0) -> 27.777778
A38: KALE | B38: I | C38: II | D38: A28 | E38: 9.09 | F38: GAMBUT | G38: {=INDEX('[23]SENSUS MEI'!$G$9:$G$453,MATCH(1,('[23]SENSUS MEI'!$D$9:$D$453=$D38)*('[23]SENSUS MEI'!$D$9:$D$453=$D38),0))} -> 1180 | H38: =IF(N38>0,N38,V38) -> 46237 | I38: =IF(O38>0,O38,W38) -> 124 | J38: =IF(P38>0,P38," ") -> 10.508475 | K38: =IF(Q38>0,Q38,X38) -> 7 | L38: =IFERROR(K38/I38*100,0) -> 5.6451613 | M38: {=IF(L38>5,"Perlu Sensus",IF(AND(L38>=0,I38>0),"Tetap Deteksi","Belum Deteksi"))} -> Perlu Sensus | N38: 46237 | O38: 124 | P38: {=IFERROR(O38/G38*100,0)} -> 10.508475 | Q38: 7 | R38: =IFERROR(Q38/O38*100,0) -> 5.6451613 | S38: {=IF(R38>5,"Perlu Sensus",IF(AND(R38>=0,O38>0),"Tetap Deteksi","Belum Deteksi"))} -> Perlu Sensus | T38: 33 | U38: =IFERROR(T38/O38*100,0) -> 26.612903 | V38: 46238 | W38: 232 | X38: 38 | Y38: =IFERROR(X38/W38*100,0) -> 16.37931 | Z38: {=IF(Y38>5,"Perlu Sensus",IF(AND(Y38>0,,O38>0),"Tetap Deteksi","Belum Deteksi"))} -> Perlu Sensus | AA38: 62 | AB38: =IFERROR(AA38/W38*100,0) -> 26.724138
A39: KALE | B39: I | C39: II | D39: A29 | E39: 8.87 | F39: GAMBUT | G39: {=INDEX('[23]SENSUS MEI'!$G$9:$G$453,MATCH(1,('[23]SENSUS MEI'!$D$9:$D$453=$D39)*('[23]SENSUS MEI'!$D$9:$D$453=$D39),0))} -> 1181 | H39: =IF(N39>0,N39,V39) -> 46237 | I39: =IF(O39>0,O39,W39) -> 110 | J39: =IF(P39>0,P39," ") -> 9.3141406 | K39: =IF(Q39>0,Q39,X39) -> 10 | L39: =IFERROR(K39/I39*100,0) -> 9.0909091 | M39: {=IF(L39>5,"Perlu Sensus",IF(AND(L39>=0,I39>0),"Tetap Deteksi","Belum Deteksi"))} -> Perlu Sensus | N39: 46237 | O39: 110 | P39: {=IFERROR(O39/G39*100,0)} -> 9.3141406 | Q39: 10 | R39: =IFERROR(Q39/O39*100,0) -> 9.0909091 | S39: {=IF(R39>5,"Perlu Sensus",IF(AND(R39>=0,O39>0),"Tetap Deteksi","Belum Deteksi"))} -> Perlu Sensus | T39: 32 | U39: =IFERROR(T39/O39*100,0) -> 29.090909 | V39: 46238 | W39: 220 | X39: 25 | Y39: =IFERROR(X39/W39*100,0) -> 11.363636 | Z39: {=IF(Y39>5,"Perlu Sensus",IF(AND(Y39>0,,O39>0),"Tetap Deteksi","Belum Deteksi"))} -> Perlu Sensus | AA39: 49 | AB39: =IFERROR(AA39/W39*100,0) -> 22.272727
A40: KALE | B40: I | C40: II | D40: A30 | E40: 6.17 | F40: GAMBUT | G40: {=INDEX('[23]SENSUS MEI'!$G$9:$G$453,MATCH(1,('[23]SENSUS MEI'!$D$9:$D$453=$D40)*('[23]SENSUS MEI'!$D$9:$D$453=$D40),0))} -> 843 | H40: =IF(N40>0,N40,V40) -> 46238 | I40: =IF(O40>0,O40,W40) -> 126 | J40: =IF(P40>0,P40," ") -> 14.946619 | K40: =IF(Q40>0,Q40,X40) -> 10 | L40: =IFERROR(K40/I40*100,0) -> 7.9365079 | M40: {=IF(L40>5,"Perlu Sensus",IF(AND(L40>=0,I40>0),"Tetap Deteksi","Belum Deteksi"))} -> Perlu Sensus | N40: 46238 | O40: 126 | P40: {=IFERROR(O40/G40*100,0)} -> 14.946619 | Q40: 10 | R40: =IFERROR(Q40/O40*100,0) -> 7.9365079 | S40: {=IF(R40>5,"Perlu Sensus",IF(AND(R40>=0,O40>0),"Tetap Deteksi","Belum Deteksi"))} -> Perlu Sensus | T40: 61 | U40: =IFERROR(T40/O40*100,0) -> 48.412698 | V40: 46239 | W40: 226 | X40: 29 | Y40: =IFERROR(X40/W40*100,0) -> 12.831858 | Z40: {=IF(Y40>5,"Perlu Sensus",IF(AND(Y40>0,,O40>0),"Tetap Deteksi","Belum Deteksi"))} -> Perlu Sensus | AA40: 51 | AB40: =IFERROR(AA40/W40*100,0) -> 22.566372
A41: KALE | B41: I | C41: II | D41: B16 | E41: 32.64 | F41: GAMBUT | G41: {=INDEX('[23]SENSUS MEI'!$G$9:$G$453,MATCH(1,('[23]SENSUS MEI'!$D$9:$D$453=$D41)*('[23]SENSUS MEI'!$D$9:$D$453=$D41),0))} -> 4956 | H41: =IF(N41>0,N41,V41) -> 46239 | I41: =IF(O41>0,O41,W41) -> 102 | J41: =IF(P41>0,P41," ") -> 2.0581114 | K41: =IF(Q41>0,Q41,X41) -> 4 | L41: =IFERROR(K41/I41*100,0) -> 3.9215686 | M41: {=IF(L41>5,"Perlu Sensus",IF(AND(L41>=0,I41>0),"Tetap Deteksi","Belum Deteksi"))} -> Tetap Deteksi | N41: 46239 | O41: 102 | P41: {=IFERROR(O41/G41*100,0)} -> 2.0581114 | Q41: 4 | R41: =IFERROR(Q41/O41*100,0) -> 3.9215686 | S41: {=IF(R41>5,"Perlu Sensus",IF(AND(R41>=0,O41>0),"Tetap Deteksi","Belum Deteksi"))} -> Tetap Deteksi | T41: 17 | U41: =IFERROR(T41/O41*100,0) -> 16.666667 | V41: 46240 | W41: 204 | X41: 22 | Y41: =IFERROR(X41/W41*100,0) -> 10.784314 | Z41: {=IF(Y41>5,"Perlu Sensus",IF(AND(Y41>0,,O41>0),"Tetap Deteksi","Belum Deteksi"))} -> Perlu Sensus | AA41: 46 | AB41: =IFERROR(AA41/W41*100,0) -> 22.54902
A42: KALE | B42: I | C42: II | D42: B17 | E42: 41.09 | F42: GAMBUT | G42: {=INDEX('[23]SENSUS MEI'!$G$9:$G$453,MATCH(1,('[23]SENSUS MEI'!$D$9:$D$453=$D42)*('[23]SENSUS MEI'!$D$9:$D$453=$D42),0))} -> 6299 | H42: =IF(N42>0,N42,V42) -> 46239 | I42: =IF(O42>0,O42,W42) -> 117 | J42: =IF(P42>0,P42," ") -> 1.8574377 | K42: =IF(Q42>0,Q42,X42) -> 5 | L42: =IFERROR(K42/I42*100,0) -> 4.2735043 | M42: {=IF(L42>5,"Perlu Sensus",IF(AND(L42>=0,I42>0),"Tetap Deteksi","Belum Deteksi"))} -> Tetap Deteksi | N42: 46239 | O42: 117 | P42: {=IFERROR(O42/G42*100,0)} -> 1.8574377 | Q42: 5 | R42: =IFERROR(Q42/O42*100,0) -> 4.2735043 | S42: {=IF(R42>5,"Perlu Sensus",IF(AND(R42>=0,O42>0),"Tetap Deteksi","Belum Deteksi"))} -> Tetap Deteksi | T42: 38 | U42: =IFERROR(T42/O42*100,0) -> 32.478632 | V42: 46240 | W42: 234 | X42: 8 | Y42: =IFERROR(X42/W42*100,0) -> 3.4188034 | Z42: {=IF(Y42>5,"Perlu Sensus",IF(AND(Y42>0,,O42>0),"Tetap Deteksi","Belum Deteksi"))} -> Belum Deteksi | AA42: 32 | AB42: =IFERROR(AA42/W42*100,0) -> 13.675214
A43: KALE | B43: I | C43: II | D43: B18 | E43: 35.71 | F43: GAMBUT | G43: {=INDEX('[23]SENSUS MEI'!$G$9:$G$453,MATCH(1,('[23]SENSUS MEI'!$D$9:$D$453=$D43)*('[23]SENSUS MEI'!$D$9:$D$453=$D43),0))} -> 5282 | H43: =IF(N43>0,N43,V43) -> 46240 | I43: =IF(O43>0,O43,W43) -> 106 | J43: =IF(P43>0,P43," ") -> 2.0068156 | K43: =IF(Q43>0,Q43,X43) -> 7 | L43: =IFERROR(K43/I43*100,0) -> 6.6037736 | M43: {=IF(L43>5,"Perlu Sensus",IF(AND(L43>=0,I43>0),"Tetap Deteksi","Belum Deteksi"))} -> Perlu Sensus | N43: 46240 | O43: 106 | P43: {=IFERROR(O43/G43*100,0)} -> 2.0068156 | Q43: 7 | R43: =IFERROR(Q43/O43*100,0) -> 6.6037736 | S43: {=IF(R43>5,"Perlu Sensus",IF(AND(R43>=0,O43>0),"Tetap Deteksi","Belum Deteksi"))} -> Perlu Sensus | T43: 31 | U43: =IFERROR(T43/O43*100,0) -> 29.245283 | V43: 46241 | W43: 216 | X43: 10 | Y43: =IFERROR(X43/W43*100,0) -> 4.6296296 | Z43: {=IF(Y43>5,"Perlu Sensus",IF(AND(Y43>0,,O43>0),"Tetap Deteksi","Belum Deteksi"))} -> Belum Deteksi | AA43: 32 | AB43: =IFERROR(AA43/W43*100,0) -> 14.814815
A44: KALE | B44: I | C44: II | D44: B19 | E44: 30.73 | F44: GAMBUT | G44: {=INDEX('[23]SENSUS MEI'!$G$9:$G$453,MATCH(1,('[23]SENSUS MEI'!$D$9:$D$453=$D44)*('[23]SENSUS MEI'!$D$9:$D$453=$D44),0))} -> 4578 | H44: =IF(N44>0,N44,V44) -> 46240 | I44: =IF(O44>0,O44,W44) -> 108 | J44: =IF(P44>0,P44," ") -> 2.3591088 | K44: =IF(Q44>0,Q44,X44) -> 7 | L44: =IFERROR(K44/I44*100,0) -> 6.4814815 | M44: {=IF(L44>5,"Perlu Sensus",IF(AND(L44>=0,I44>0),"Tetap Deteksi","Belum Deteksi"))} -> Perlu Sensus | N44: 46240 | O44: 108 | P44: {=IFERROR(O44/G44*100,0)} -> 2.3591088 | Q44: 7 | R44: =IFERROR(Q44/O44*100,0) -> 6.4814815 | S44: {=IF(R44>5,"Perlu Sensus",IF(AND(R44>=0,O44>0),"Tetap Deteksi","Belum Deteksi"))} -> Perlu Sensus | T44: 20 | U44: =IFERROR(T44/O44*100,0) -> 18.518519 | V44: 46241 | W44: 180 | X44: 11 | Y44: =IFERROR(X44/W44*100,0) -> 6.1111111 | Z44: {=IF(Y44>5,"Perlu Sensus",IF(AND(Y44>0,,O44>0),"Tetap Deteksi","Belum Deteksi"))} -> Perlu Sensus | AA44: 33 | AB44: =IFERROR(AA44/W44*100,0) -> 18.333333
A45: KALE | B45: I | C45: II | D45: B20 | E45: 27.55 | F45: GAMBUT | G45: {=INDEX('[23]SENSUS MEI'!$G$9:$G$453,MATCH(1,('[23]SENSUS MEI'!$D$9:$D$453=$D45)*('[23]SENSUS MEI'!$D$9:$D$453=$D45),0))} -> 4025 | H45: =IF(N45>0,N45,V45) -> 46241 | I45: =IF(O45>0,O45,W45) -> 98 | J45: =IF(P45>0,P45," ") -> 2.4347826 | K45: =IF(Q45>0,Q45,X45) -> 10 | L45: =IFERROR(K45/I45*100,0) -> 10.204082 | M45: {=IF(L45>5,"Perlu Sensus",IF(AND(L45>=0,I45>0),"Tetap Deteksi","Belum Deteksi"))} -> Perlu Sensus | N45: 46241 | O45: 98 | P45: {=IFERROR(O45/G45*100,0)} -> 2.4347826 | Q45: 10 | R45: =IFERROR(Q45/O45*100,0) -> 10.204082 | S45: {=IF(R45>5,"Perlu Sensus",IF(AND(R45>=0,O45>0),"Tetap Deteksi","Belum Deteksi"))} -> Perlu Sensus | T45: 18 | U45: =IFERROR(T45/O45*100,0) -> 18.367347 | V45: 46242 | W45: 196 | X45: 20 | Y45: =IFERROR(X45/W45*100,0) -> 10.204082 | Z45: {=IF(Y45>5,"Perlu Sensus",IF(AND(Y45>0,,O45>0),"Tetap Deteksi","Belum Deteksi"))} -> Perlu Sensus | AA45: 44 | AB45: =IFERROR(AA45/W45*100,0) -> 22.44898
A46: KALE | B46: I | C46: II | D46: B21 | E46: 27.04 | F46: GAMBUT | G46: {=INDEX('[23]SENSUS MEI'!$G$9:$G$453,MATCH(1,('[23]SENSUS MEI'!$D$9:$D$453=$D46)*('[23]SENSUS MEI'!$D$9:$D$453=$D46),0))} -> 4017 | H46: =IF(N46>0,N46,V46) -> 46241 | I46: =IF(O46>0,O46,W46) -> 109 | J46: =IF(P46>0,P46," ") -> 2.7134678 | K46: =IF(Q46>0,Q46,X46) -> 5 | L46: =IFERROR(K46/I46*100,0) -> 4.587156 | M46: {=IF(L46>5,"Perlu Sensus",IF(AND(L46>=0,I46>0),"Tetap Deteksi","Belum Deteksi"))} -> Tetap Deteksi | N46: 46241 | O46: 109 | P46: {=IFERROR(O46/G46*100,0)} -> 2.7134678 | Q46: 5 | R46: =IFERROR(Q46/O46*100,0) -> 4.587156 | S46: {=IF(R46>5,"Perlu Sensus",IF(AND(R46>=0,O46>0),"Tetap Deteksi","Belum Deteksi"))} -> Tetap Deteksi | T46: 18 | U46: =IFERROR(T46/O46*100,0) -> 16.513761 | V46: 46242 | W46: 218 | X46: 32 | Y46: =IFERROR(X46/W46*100,0) -> 14.678899 | Z46: {=IF(Y46>5,"Perlu Sensus",IF(AND(Y46>0,,O46>0),"Tetap Deteksi","Belum Deteksi"))} -> Perlu Sensus | AA46: 58 | AB46: =IFERROR(AA46/W46*100,0) -> 26.605505
A47: KALE | B47: I | C47: II | D47: B22 | E47: 30.51 | F47: GAMBUT | G47: {=INDEX('[23]SENSUS MEI'!$G$9:$G$453,MATCH(1,('[23]SENSUS MEI'!$D$9:$D$453=$D47)*('[23]SENSUS MEI'!$D$9:$D$453=$D47),0))} -> 4510 | H47: =IF(N47>0,N47,V47) -> 46242 | I47: =IF(O47>0,O47,W47) -> 102 | J47: =IF(P47>0,P47," ") -> 2.2616408 | K47: =IF(Q47>0,Q47,X47) -> 5 | L47: =IFERROR(K47/I47*100,0) -> 4.9019608 | M47: {=IF(L47>5,"Perlu Sensus",IF(AND(L47>=0,I47>0),"Tetap Deteksi","Belum Deteksi"))} -> Tetap Deteksi | N47: 46242 | O47: 102 | P47: {=IFERROR(O47/G47*100,0)} -> 2.2616408 | Q47: 5 | R47: =IFERROR(Q47/O47*100,0) -> 4.9019608 | S47: {=IF(R47>5,"Perlu Sensus",IF(AND(R47>=0,O47>0),"Tetap Deteksi","Belum Deteksi"))} -> Tetap Deteksi | T47: 12 | U47: =IFERROR(T47/O47*100,0) -> 11.764706 | V47: 46244 | W47: 204 | X47: 10 | Y47: =IFERROR(X47/W47*100,0) -> 4.9019608 | Z47: {=IF(Y47>5,"Perlu Sensus",IF(AND(Y47>0,,O47>0),"Tetap Deteksi","Belum Deteksi"))} -> Belum Deteksi | AA47: 35 | AB47: =IFERROR(AA47/W47*100,0) -> 17.156863
A48: KALE | B48: I | C48: II | D48: B23 | E48: 22.17 | F48: GAMBUT | G48: {=INDEX('[23]SENSUS MEI'!$G$9:$G$453,MATCH(1,('[23]SENSUS MEI'!$D$9:$D$453=$D48)*('[23]SENSUS MEI'!$D$9:$D$453=$D48),0))} -> 3225 | H48: =IF(N48>0,N48,V48) -> 46242 | I48: =IF(O48>0,O48,W48) -> 110 | J48: =IF(P48>0,P48," ") -> 3.4108527 | K48: =IF(Q48>0,Q48,X48) -> 5 | L48: =IFERROR(K48/I48*100,0) -> 4.5454545 | M48: {=IF(L48>5,"Perlu Sensus",IF(AND(L48>=0,I48>0),"Tetap Deteksi","Belum Deteksi"))} -> Tetap Deteksi | N48: 46242 | O48: 110 | P48: {=IFERROR(O48/G48*100,0)} -> 3.4108527 | Q48: 5 | R48: =IFERROR(Q48/O48*100,0) -> 4.5454545 | S48: {=IF(R48>5,"Perlu Sensus",IF(AND(R48>=0,O48>0),"Tetap Deteksi","Belum Deteksi"))} -> Tetap Deteksi | T48: 13 | U48: =IFERROR(T48/O48*100,0) -> 11.818182 | V48: 46244 | W48: 226 | X48: 10 | Y48: =IFERROR(X48/W48*100,0) -> 4.4247788 | Z48: {=IF(Y48>5,"Perlu Sensus",IF(AND(Y48>0,,O48>0),"Tetap Deteksi","Belum Deteksi"))} -> Belum Deteksi | AA48: 38 | AB48: =IFERROR(AA48/W48*100,0) -> 16.814159
... A90: KALE | B90: I | C90: III | D90: B43M | E90: 20.1 | F90: GAMBUT | G90: {=INDEX('[23]SENSUS MEI'!$G$9:$G$453,MATCH(1,('[23]SENSUS MEI'!$D$9:$D$453=$D90)*('[23]SENSUS MEI'!$D$9:$D$453=$D90),0))} -> 3049 | H90: =IF(N90>0,N90,V90) -> 46247 | I90: =IF(O90>0,O90,W90) -> 64 | J90: =IF(P90>0,P90," ") -> 2.0990489 | K90: =IF(Q90>0,Q90,X90) -> 10 | L90: =IFERROR(K90/I90*100,0) -> 15.625 | M90: {=IF(L90>5,"Perlu Sensus",IF(AND(L90>=0,I90>0),"Tetap Deteksi","Belum Deteksi"))} -> Perlu Sensus | N90: 46247 | O90: 64 | P90: {=IFERROR(O90/G90*100,0)} -> 2.0990489 | Q90: 10 | R90: =IFERROR(Q90/O90*100,0) -> 15.625 | S90: {=IF(R90>5,"Perlu Sensus",IF(AND(R90>=0,O90>0),"Tetap Deteksi","Belum Deteksi"))} -> Perlu Sensus | T90: 21 | U90: =IFERROR(T90/O90*100,0) -> 32.8125 | V90: 46241 | W90: 182 | X90: 19 | Y90: =IFERROR(X90/W90*100,0) -> 10.43956 | Z90: {=IF(Y90>5,"Perlu Sensus",IF(AND(Y90>0,,O90>0),"Tetap Deteksi","Belum Deteksi"))} -> Perlu Sensus | AA90: 60 | AB90: =IFERROR(AA90/W90*100,0) -> 32.967033
A91: KALE | B91: I | C91: III | D91: B44M | E91: 20.85 | F91: GAMBUT | G91: {=INDEX('[23]SENSUS MEI'!$G$9:$G$453,MATCH(1,('[23]SENSUS MEI'!$D$9:$D$453=$D91)*('[23]SENSUS MEI'!$D$9:$D$453=$D91),0))} -> 3198 | H91: =IF(N91>0,N91,V91) -> 13.14 Aug 26 | I91: =IF(O91>0,O91,W91) -> 180 | J91: =IF(P91>0,P91," ") -> 5.6285178 | K91: =IF(Q91>0,Q91,X91) -> 32 | L91: =IFERROR(K91/I91*100,0) -> 17.777778 | M91: {=IF(L91>5,"Perlu Sensus",IF(AND(L91>=0,I91>0),"Tetap Deteksi","Belum Deteksi"))} -> Perlu Sensus | N91: 13.14 Aug 26 | O91: 180 | P91: {=IFERROR(O91/G91*100,0)} -> 5.6285178 | Q91: 32 | R91: =IFERROR(Q91/O91*100,0) -> 17.777778 | S91: {=IF(R91>5,"Perlu Sensus",IF(AND(R91>=0,O91>0),"Tetap Deteksi","Belum Deteksi"))} -> Perlu Sensus | T91: 69 | U91: =IFERROR(T91/O91*100,0) -> 38.333333 | V91: 46239 | W91: 240 | X91: 22 | Y91: =IFERROR(X91/W91*100,0) -> 9.1666667 | Z91: {=IF(Y91>5,"Perlu Sensus",IF(AND(Y91>0,,O91>0),"Tetap Deteksi","Belum Deteksi"))} -> Perlu Sensus | AA91: 62 | AB91: =IFERROR(AA91/W91*100,0) -> 25.833333
A92: KALE | B92: I | C92: III | D92: K40 | E92: 5.03 | F92: GAMBUT | G92: {=INDEX('[23]SENSUS MEI'!$G$9:$G$453,MATCH(1,('[23]SENSUS MEI'!$D$9:$D$453=$D92)*('[23]SENSUS MEI'!$D$9:$D$453=$D92),0))} -> 805 | H92: =IF(N92>0,N92,V92) -> 46238 | I92: =IF(O92>0,O92,W92) -> 89 | J92: =IF(P92>0,P92," ") -> 11.055901 | K92: =IF(Q92>0,Q92,X92) -> 17 | L92: =IFERROR(K92/I92*100,0) -> 19.101124 | M92: {=IF(L92>5,"Perlu Sensus",IF(AND(L92>=0,I92>0),"Tetap Deteksi","Belum Deteksi"))} -> Perlu Sensus | N92: 46238 | O92: 89 | P92: {=IFERROR(O92/G92*100,0)} -> 11.055901 | Q92: 17 | R92: =IFERROR(Q92/O92*100,0) -> 19.101124 | S92: {=IF(R92>5,"Perlu Sensus",IF(AND(R92>=0,O92>0),"Tetap Deteksi","Belum Deteksi"))} -> Perlu Sensus | T92: 34 | U92: =IFERROR(T92/O92*100,0) -> 38.202247 | V92: 46239 | W92: 267 | X92: 28 | Y92: =IFERROR(X92/W92*100,0) -> 10.486891 | Z92: {=IF(Y92>5,"Perlu Sensus",IF(AND(Y92>0,,O92>0),"Tetap Deteksi","Belum Deteksi"))} -> Perlu Sensus | AA92: 82 | AB92: =IFERROR(AA92/W92*100,0) -> 30.71161
A93: KALE | B93: I | C93: III | D93: K41 | E93: 25.41 | F93: GAMBUT | G93: {=INDEX('[23]SENSUS MEI'!$G$9:$G$453,MATCH(1,('[23]SENSUS MEI'!$D$9:$D$453=$D93)*('[23]SENSUS MEI'!$D$9:$D$453=$D93),0))} -> 3953 | H93: =IF(N93>0,N93,V93) -> 46238 | I93: =IF(O93>0,O93,W93) -> 95 | J93: =IF(P93>0,P93," ") -> 2.403238 | K93: =IF(Q93>0,Q93,X93) -> 14 | L93: =IFERROR(K93/I93*100,0) -> 14.736842 | M93: {=IF(L93>5,"Perlu Sensus",IF(AND(L93>=0,I93>0),"Tetap Deteksi","Belum Deteksi"))} -> Perlu Sensus | N93: 46238 | O93: 95 | P93: {=IFERROR(O93/G93*100,0)} -> 2.403238 | Q93: 14 | R93: =IFERROR(Q93/O93*100,0) -> 14.736842 | S93: {=IF(R93>5,"Perlu Sensus",IF(AND(R93>=0,O93>0),"Tetap Deteksi","Belum Deteksi"))} -> Perlu Sensus | T93: 41 | U93: =IFERROR(T93/O93*100,0) -> 43.157895 | V93: 46239 | W93: 285 | X93: 23 | Y93: =IFERROR(X93/W93*100,0) -> 8.0701754 | Z93: {=IF(Y93>5,"Perlu Sensus",IF(AND(Y93>0,,O93>0),"Tetap Deteksi","Belum Deteksi"))} -> Perlu Sensus | AA93: 73 | AB93: =IFERROR(AA93/W93*100,0) -> 25.614035
A94: KALE | B94: I | C94: III | D94: K42 | E94: 10.6 | F94: GAMBUT | G94: {=INDEX('[23]SENSUS MEI'!$G$9:$G$453,MATCH(1,('[23]SENSUS MEI'!$D$9:$D$453=$D94)*('[23]SENSUS MEI'!$D$9:$D$453=$D94),0))} -> 1048 | H94: =IF(N94>0,N94,V94) -> 46238 | I94: =IF(O94>0,O94,W94) -> 103 | J94: =IF(P94>0,P94," ") -> 9.8282443 | K94: =IF(Q94>0,Q94,X94) -> 18 | L94: =IFERROR(K94/I94*100,0) -> 17.475728 | M94: {=IF(L94>5,"Perlu Sensus",IF(AND(L94>=0,I94>0),"Tetap Deteksi","Belum Deteksi"))} -> Perlu Sensus | N94: 46238 | O94: 103 | P94: {=IFERROR(O94/G94*100,0)} -> 9.8282443 | Q94: 18 | R94: =IFERROR(Q94/O94*100,0) -> 17.475728 | S94: {=IF(R94>5,"Perlu Sensus",IF(AND(R94>=0,O94>0),"Tetap Deteksi","Belum Deteksi"))} -> Perlu Sensus | T94: 40 | U94: =IFERROR(T94/O94*100,0) -> 38.834951 | V94: 46239 | W94: 309 | X94: 24 | Y94: =IFERROR(X94/W94*100,0) -> 7.7669903 | Z94: {=IF(Y94>5,"Perlu Sensus",IF(AND(Y94>0,,O94>0),"Tetap Deteksi","Belum Deteksi"))} -> Perlu Sensus | AA94: 80 | AB94: =IFERROR(AA94/W94*100,0) -> 25.889968
A95: KALE | B95: I | C95: III | D95: K52 | E95: 11.03 | F95: GAMBUT | G95: {=INDEX('[23]SENSUS MEI'!$G$9:$G$453,MATCH(1,('[23]SENSUS MEI'!$D$9:$D$453=$D95)*('[23]SENSUS MEI'!$D$9:$D$453=$D95),0))} -> 1676 | H95: =IF(N95>0,N95,V95) -> 46239 | I95: =IF(O95>0,O95,W95) -> 123 | J95: =IF(P95>0,P95," ") -> 7.3389021 | K95: =IF(Q95>0,Q95,X95) -> 20 | L95: =IFERROR(K95/I95*100,0) -> 16.260163 | M95: {=IF(L95>5,"Perlu Sensus",IF(AND(L95>=0,I95>0),"Tetap Deteksi","Belum Deteksi"))} -> Perlu Sensus | N95: 46239 | O95: 123 | P95: {=IFERROR(O95/G95*100,0)} -> 7.3389021 | Q95: 20 | R95: =IFERROR(Q95/O95*100,0) -> 16.260163 | S95: {=IF(R95>5,"Perlu Sensus",IF(AND(R95>=0,O95>0),"Tetap Deteksi","Belum Deteksi"))} -> Perlu Sensus | T95: 31 | U95: =IFERROR(T95/O95*100,0) -> 25.203252 | V95: 46240 | W95: 369 | X95: 22 | Y95: =IFERROR(X95/W95*100,0) -> 5.9620596 | Z95: {=IF(Y95>5,"Perlu Sensus",IF(AND(Y95>0,,O95>0),"Tetap Deteksi","Belum Deteksi"))} -> Perlu Sensus | AA95: 74 | AB95: =IFERROR(AA95/W95*100,0) -> 20.054201
A96: KALE | B96: I | C96: III | D96: K53 | E96: 7.27 | F96: GAMBUT | G96: {=INDEX('[23]SENSUS MEI'!$G$9:$G$453,MATCH(1,('[23]SENSUS MEI'!$D$9:$D$453=$D96)*('[23]SENSUS MEI'!$D$9:$D$453=$D96),0))} -> 1215 | H96: =IF(N96>0,N96,V96) -> 46239 | I96: =IF(O96>0,O96,W96) -> 118 | J96: =IF(P96>0,P96," ") -> 9.7119342 | K96: =IF(Q96>0,Q96,X96) -> 22 | L96: =IFERROR(K96/I96*100,0) -> 18.644068 | M96: {=IF(L96>5,"Perlu Sensus",IF(AND(L96>=0,I96>0),"Tetap Deteksi","Belum Deteksi"))} -> Perlu Sensus | N96: 46239 | O96: 118 | P96: {=IFERROR(O96/G96*100,0)} -> 9.7119342 | Q96: 22 | R96: =IFERROR(Q96/O96*100,0) -> 18.644068 | S96: {=IF(R96>5,"Perlu Sensus",IF(AND(R96>=0,O96>0),"Tetap Deteksi","Belum Deteksi"))} -> Perlu Sensus | T96: 37 | U96: =IFERROR(T96/O96*100,0) -> 31.355932 | V96: 46240 | W96: 354 | X96: 21 | Y96: =IFERROR(X96/W96*100,0) -> 5.9322034 | Z96: {=IF(Y96>5,"Perlu Sensus",IF(AND(Y96>0,,O96>0),"Tetap Deteksi","Belum Deteksi"))} -> Perlu Sensus | AA96: 91 | AB96: =IFERROR(AA96/W96*100,0) -> 25.706215
A97: KALE | B97: I | C97: III | D97: K54 | E97: 16.97 | F97: GAMBUT | G97: {=INDEX('[23]SENSUS MEI'!$G$9:$G$453,MATCH(1,('[23]SENSUS MEI'!$D$9:$D$453=$D97)*('[23]SENSUS MEI'!$D$9:$D$453=$D97),0))} -> 2111 | H97: =IF(N97>0,N97,V97) -> 46241 | I97: =IF(O97>0,O97,W97) -> 116 | J97: =IF(P97>0,P97," ") -> 5.4950261 | K97: =IF(Q97>0,Q97,X97) -> 16 | L97: =IFERROR(K97/I97*100,0) -> 13.793103 | M97: {=IF(L97>5,"Perlu Sensus",IF(AND(L97>=0,I97>0),"Tetap Deteksi","Belum Deteksi"))} -> Perlu Sensus | N97: 46241 | O97: 116 | P97: {=IFERROR(O97/G97*100,0)} -> 5.4950261 | Q97: 16 | R97: =IFERROR(Q97/O97*100,0) -> 13.793103 | S97: {=IF(R97>5,"Perlu Sensus",IF(AND(R97>=0,O97>0),"Tetap Deteksi","Belum Deteksi"))} -> Perlu Sensus | T97: 35 | U97: =IFERROR(T97/O97*100,0) -> 30.172414 | V97: 46242 | W97: 348 | X97: 21 | Y97: =IFERROR(X97/W97*100,0) -> 6.0344828 | Z97: {=IF(Y97>5,"Perlu Sensus",IF(AND(Y97>0,,O97>0),"Tetap Deteksi","Belum Deteksi"))} -> Perlu Sensus | AA97: 84 | AB97: =IFERROR(AA97/W97*100,0) -> 24.137931
A98: KALE | B98: I | C98: III | D98: K55 | E98: 16.16 | F98: GAMBUT | G98: {=INDEX('[23]SENSUS MEI'!$G$9:$G$453,MATCH(1,('[23]SENSUS MEI'!$D$9:$D$453=$D98)*('[23]SENSUS MEI'!$D$9:$D$453=$D98),0))} -> 2299 | H98: =IF(N98>0,N98,V98) -> 46241 | I98: =IF(O98>0,O98,W98) -> 120 | J98: =IF(P98>0,P98," ") -> 5.2196607 | K98: =IF(Q98>0,Q98,X98) -> 17 | L98: =IFERROR(K98/I98*100,0) -> 14.166667 | M98: {=IF(L98>5,"Perlu Sensus",IF(AND(L98>=0,I98>0),"Tetap Deteksi","Belum Deteksi"))} -> Perlu Sensus | N98: 46241 | O98: 120 | P98: {=IFERROR(O98/G98*100,0)} -> 5.2196607 | Q98: 17 | R98: =IFERROR(Q98/O98*100,0) -> 14.166667 | S98: {=IF(R98>5,"Perlu Sensus",IF(AND(R98>=0,O98>0),"Tetap Deteksi","Belum Deteksi"))} -> Perlu Sensus | T98: 28 | U98: =IFERROR(T98/O98*100,0) -> 23.333333 | V98: 46242 | W98: 360 | X98: 18 | Y98: =IFERROR(X98/W98*100,0) -> 5 | Z98: {=IF(Y98>5,"Perlu Sensus",IF(AND(Y98>0,,O98>0),"Tetap Deteksi","Belum Deteksi"))} -> Belum Deteksi | AA98: 64 | AB98: =IFERROR(AA98/W98*100,0) -> 17.777778
